#,Invoice,Additional information,Right steering wheel position,Climatisation,Colour,Origin,Varnish,Number of Seats,Door Count,Power,Type,Drive,VIN number,Brand,Offer type,Light,Origin,Engine capacity,Mileage,Fuel,Year of production,Transmission,Condition,Varnish,Features- safety,Features-  comfort,Features-  multimedia,Features- other,Download_date,Model,Ticket,Price,Serie,Title
0,Wystawiam faktur? VAT-mar?a,,Nie,automatyczna dwustrefowa,inny,Niemcy,Per?owy,4/5,5,190 KM,Kombi,Na przednie ko?a,,Audi,sprzeda?,,import,1968 cm³,163 km,Diesel,2016,Automatyczna,U?ywany,lakier fabryczny,,,,,2020-07-07 15:00:06.138333,A4,9427109911,85900,B9 (2015-),A4 S-LINE PLUS 190PS VIRTUAL FULL LED ALU 19'RS! 9427109911 - Allegro.pl
1,Wystawiam faktur? VAT-mar?a,,Nie,automatyczna dwustrefowa,Czarny,Belgia,Metalik,,5,140 KM,Kombi,Na przednie ko?a,WAUZZZ8E76A271218,Audi,sprzeda?,,import,1968 cm³,273000 km,Diesel,2006,Manualna,U?ywany,lakier fabryczny,,,,,2020-07-07 15:00:07.146825,A4,9469022477,16900,B7 (2004-2007),Audi A4 Bi xenon Skóry Tempomat Pdc Alu 17' 9469022477 - Allegro.pl
2,Wystawiam faktur? VAT-mar?a,,Nie,automatyczna dwustrefowa,Szary,,Metalik,2/3,5,224 KM,Coupe,4x4,,Audi,sprzeda?,,,1984 cm³,53000 km,Benzyna,2014,Automatyczna,U?ywany,,,,,,2020-07-07 15:00:08.558014,A5,9435054078,64900,8T (2007-2016),Audi A5 2.0 Tfsi 224 KM 2014 Warszawa 9435054078 - Allegro.pl
3,Wystawiam faktur? VAT-mar?a,,,automatyczna dwustrefowa,Czarny,,Metalik,,5,190 KM,Coupe,4x4,,Audi,sprzeda?,,,2000 cm³,179515 km,Diesel,2015,Automatyczna,U?ywany,lakier fabryczny,,,,,2020-07-07 15:00:09.733525,A5,9344549698,75900,8T (2007-2016),S-LINE_2.0 TDI 190_QUATTRO STRONIC_COUPE_RADAR 9344549698 - Allegro.pl
4,Wystawiam faktur? VAT-mar?a,,Nie,automatyczna czterostrefowa,Czarny,,Metalik,4/5,5,204 KM,Kombi,4x4,,Audi,sprzeda?,,import,2967 cm³,257000 km,Diesel,2013,Automatyczna,U?ywany,,,,,,2020-07-07 15:00:11.091493,A6,8999545437,69900,C7 (2011-),IDEA? 3.0TDI 2xSLINE QUATTRO KAMERA NAVI LED IG?A 8999545437 - Allegro.pl
5,Wystawiam faktur? VAT-mar?a,,,automatyczna dwustrefowa,Szary,Niemcy,Metalik,4/5,5,140 KM,Hatchback,Na przednie ko?a,,Audi,sprzeda?,,import,2000 cm³,243000 km,Diesel,2006,Manualna,U?ywany,,,,,,2020-07-07 15:00:12.541745,A3,9438241478,18700,8P (2003-2012),AUDI A3 2.0 TDI 140KM 8P_SPORTBACK_SUPER STAN! 9438241478 - Allegro.pl
6,Nie wystawiam faktury,,,automatyczna jednostrefowa,Zielony,,,,5,125 KM,Liftback,Na przednie ko?a,,Audi,,,,1781 cm³,210000 km,Benzyna,1999,Manualna,U?ywany,,ABS,,,,2020-07-07 15:00:13.774470,A3,9455411035,5000,8L (1996-2003),Audi a3 1.8 Alcantara Klima 5-drzwi ! 9455411035 - Allegro.pl
7,Wystawiam faktur? VAT-mar?a,,Nie,automatyczna dwustrefowa,Czarny,,Metalik,4/5,5,163 KM,Kombi,4x4,,Audi,sprzeda?,,,2393 cm³,274000 km,Benzyna + LPG,2005,Manualna,U?ywany,,,,,,2020-07-07 15:00:14.896985,A6,9332945684,23700,C6 (2004-2011),AUDI A6 C6 2.4 V6 163KM QUATTRO GAZ SKÓRA XENON 9332945684 - Allegro.pl
8,Wystawiam faktur? VAT-mar?a,,,automatyczna dwustrefowa,Szary,,Metalik,4/5,5,190 KM,Kombi,Na przednie ko?a,,Audi,sprzeda?,,,2000 cm³,145 km,Diesel,2017,Automatyczna,U?ywany,lakier fabryczny,,,,,2020-07-07 15:00:16.647258,A4,9448705368,89900,B9 (2015-),PI?KNY SZARY S-LINE 2.0TDI VIRTUAL KAMERA MATRIX 9448705368 - Allegro.pl
9,Wystawiam faktur? VAT-mar?a,,Nie,automatyczna dwustrefowa,Niebieski,,Metalik,,5,143 KM,Kombi,Na przednie ko?a,,Audi,,,,1986 cm³,218201 km,Diesel,2011,Manualna,U?ywany,,,,,,2020-07-07 15:00:18.372953,A4,9438943506,32900,B8 (2007-2015),"2,0TDI 143 PS * FULL FULL OPCJA * RADAR * SERWIS * 9438943506 - Allegro.pl"
10,Wystawiam faktur? VAT-mar?a,,Nie,automatyczna dwustrefowa,Czarny,Niemcy,Metalik,,5,190 KM,Kombi,4x4,WAUZZZF44HA072849,Audi,sprzeda?,,import,1968 cm³,152079 km,Diesel,2016,Automatyczna,U?ywany,lakier fabryczny,,,,,2020-07-07 15:00:19.801093,A4,9432859020,84900,B9 (2015-),KONKRET 2.0TDI 190 QUATTRO_KAMERA 360_SAM PARKUJE 9432859020 - Allegro.pl
11,Wystawiam faktur? VAT-mar?a,,Nie,automatyczna dwustrefowa,Czarny,Polska,Metalik,4/5,5,150 KM,Kombi,Na przednie ko?a,,Audi,sprzeda?,?wiat?a mijania LED,,1968 cm³,232000 km,Diesel,2014,Automatyczna,U?ywany,,,,,,2020-07-07 15:00:20.972039,A4,9437701367,49999,B8 (2007-2015),Audi A4 2.0 9437701367 - Allegro.pl
12,Nie wystawiam faktury,,,automatyczna dwustrefowa,Czarny,,,,4,140 KM,Kabriolet,Na przednie ko?a,,Audi,,,,1999 cm³,183000 km,Diesel,2008,Manualna,U?ywany,,,,,,2020-07-07 15:00:22.587824,A3,9443884815,28900,8P (2003-2012),Audi A3 Cabrio 2.0 TDI 140 KM S-Line 9443884815 - Allegro.pl
13,Wystawiam faktur? VAT-mar?a,,,brak,Czerwony,,,4/5,5,110 KM,Hatchback,Na przednie ko?a,WAUZZZ8V6FA088117,Audi,sprzeda?,?wiat?a przeciwmg?owe,,1600 cm³,182805 km,Diesel,2014,Automatyczna,U?ywany,,,,,,2020-07-07 15:00:23.822969,A3,9425779667,42900,8V (2012-),"Automatyczna skrzynia, Navi, Bluetooth 9425779667 - Allegro.pl"
14,Wystawiam faktur? VAT,,Nie,automatyczna dwustrefowa,Srebrny,,Metalik,,5,252 KM,Sedan,4x4,,Audi,sprzeda?,,,1984 cm³,8500 km,Benzyna,2018,Automatyczna,U?ywany,,,,,,2020-07-07 15:00:25.390370,A4,9372959806,112000,B9 (2015-),"AUDI A4 QUATTRO 2.0 TFSI 252KM, S-LINE F-VAT 23% 9372959806 - Allegro.pl"
15,Nie wystawiam faktury,,Nie,manualna,inny,,Metalik,4/5,5,140 KM,Sedan,Na przednie ko?a,WAUZZZ4F38N001817,Audi,sprzeda?,,,1968 cm³,264000 km,Diesel,2007,Manualna,U?ywany,lakier fabryczny,,,,,2020-07-07 15:00:26.544352,A6,9458107668,22900,C6 (2004-2011),"Audi a6 c6 2007r 2.0 TDI (1968 cm, 140 km, 103kW) 9458107668 - Allegro.pl"
16,Wystawiam faktur? VAT-mar?a,,Nie,automatyczna dwustrefowa,Szary,,Metalik,4/5,5,140 KM,Sedan,Na przednie ko?a,,Audi,sprzeda?,,import,1968 cm³,272000 km,Diesel,2004,Automatyczna,U?ywany,,,,,,2020-07-07 15:00:27.857962,A6,9457319746,22700,C6 (2004-2011),AUDI A6 C6 2.0 TDI 140KM SEDAN SKÓRA NAVI BI-XENON 9457319746 - Allegro.pl
17,Wystawiam faktur? VAT-mar?a,,,automatyczna czterostrefowa,Czarny,,Metalik,4/5,5,190 KM,Kombi,Na przednie ko?a,,Audi,sprzeda?,,,2000 cm³,157 km,Diesel,2016,Automatyczna,U?ywany,lakier fabryczny,,,,,2020-07-07 15:00:29.340501,A4,9441727987,83900,B9 (2015-),S-LINE PLUS_MAX OPCJA_SZARE SKÓRY_WENTYLE_VIRTUAL 9441727987 - Allegro.pl
18,Wystawiam faktur? VAT-mar?a,Bezwypadkowy,Nie,automatyczna dwustrefowa,Czarny,,Metalik,,5,165 KM,Kombi,Na przednie ko?a,,Audi,sprzeda?,,import,2393 cm³,219300 km,Benzyna,1999,Manualna,U?ywany,lakier fabryczny,,,,,2020-07-07 15:00:30.724255,A6,9417827193,8900,C5 (1997-2004),"AUDI A6 C5 100% LAKIER S-LINE 2,4 BENZYNA NIEMIECY 9417827193 - Allegro.pl"
19,Nie wystawiam faktury,,,automatyczna dwustrefowa,Czarny,,,,5,177 KM,Hatchback,4x4,,Audi,,,,2000 cm³,226000 km,Diesel,2009,Manualna,U?ywany,,,,,,2020-07-07 15:00:32.183292,A3,9444956660,29800,8P (2003-2012),AUDI A3 (8P1) 2.0 TDI 170KM Quattro Lift -Okazja 9444956660 - Allegro.pl
20,Wystawiam faktur? VAT-mar?a,,Nie,automatyczna dwustrefowa,Czerwony,,Metalik,,5,143 KM,Kombi,Na przednie ko?a,,Audi,,,,1986 cm³,236201 km,Diesel,2010,Manualna,U?ywany,,,,,,2020-07-07 15:00:33.429153,A4,9468323171,36900,B8 (2007-2015),"S4 * 2,0 TDI 143 PS * CZERWONY S-LINE * PI?KNA * 9468323171 - Allegro.pl"
21,Nie wystawiam faktury,,Nie,automatyczna jednostrefowa,Srebrny,Niemcy,,4/5,5,120 KM,Kombi,Na przednie ko?a,WAUZZZ8K6BA079756,Audi,,,,1800 cm³,137000 km,Benzyna,2010,Manualna,U?ywany,,,,,,2020-07-07 15:00:35.079102,A4,9444642870,34900,B8 (2007-2015),"Audi A4 120KM, Ma?y Przebieg 137ty?, Orygina? 9444642870 - Allegro.pl"
22,Nie wystawiam faktury,,Nie,automatyczna dwustrefowa,Srebrny,Francja,Metalik,2/3,5,140 KM,Liftback,Na przednie ko?a,,Audi,sprzeda?,,import,1968 cm³,240000 km,Diesel,2004,Manualna,U?ywany,,,,,,2020-07-07 15:00:47.474601,A3,9401385451,8500,8P (2003-2012),Audi a3 8P diesel klima alu doinwestowany zobacz 9401385451 - Allegro.pl
23,Wystawiam faktur? VAT,,Nie,automatyczna dwustrefowa,Czarny,Polska,Metalik,,5,218 KM,Sedan,4x4,,Audi,sprzeda?,,krajowe,2967 cm³,257000 km,Diesel,2011,Automatyczna,U?ywany,lakier fabryczny,,,,,2020-07-07 15:00:48.477180,A6,9454240218,48000,C7 (2011-),"AUDI A6 (4G2, 4GC, C7) 3.0 TDI quattro 218 KM 9454240218 - Allegro.pl"
24,Nie wystawiam faktury,,Nie,automatyczna czterostrefowa,Br?zowy,Niemcy,Per?owy,4/5,5,190 KM,Kombi,Na przednie ko?a,,Audi,sprzeda?,,import,2000 cm³,200000 km,Diesel,2017,Automatyczna,U?ywany,lakier fabryczny,,,,,2020-07-07 15:00:49.992034,A4,9413622137,83300,B9 (2015-),AUDI A4 2.0 TDI S Line MAXXX IDEALNE 100% ORYGINA? 9413622137 - Allegro.pl
25,Nie wystawiam faktury,,,automatyczna jednostrefowa,Czarny,,Metalik,,4,245 KM,Coupe,Na przednie ko?a,,Audi,sprzeda?,,,2967 cm³,82000 km,Diesel,2012,Automatyczna,U?ywany,lakier fabryczny,,,,,2020-07-07 15:00:51.182604,A5,9467898147,76000,8T (2007-2016),Audi A5 Coupe 3.0 TDI S-Line 9467898147 - Allegro.pl
26,Nie wystawiam faktury,,Nie,automatyczna jednostrefowa,inny,,Metalik,4/5,5,211 KM,Sedan,Na przednie ko?a,,Audi,sprzeda?,,,1984 cm³,173000 km,Benzyna,2012,Automatyczna,U?ywany,,,,,,2020-07-07 15:00:52.531820,A4,8992398670,36900,B8 (2007-2015),AUDI A4 B8 tfsi 211km super stan 8992398670 - Allegro.pl
27,Nie wystawiam faktury,Serwisowany w ASO,Nie,automatyczna dwustrefowa,inny,Niemcy,Metalik,4/5,5,245 KM,Kombi,4x4,,Audi,sprzeda?,,import,3000 cm³,229000 km,Diesel,2013,Automatyczna,U?ywany,,,,,,2020-07-07 15:00:53.468460,A4,9450651626,42900,B8 (2007-2015),"AUDI A4 ALLRAOD 3.0 TDI QUATTRO DISTRO, B&O !! 9450651626 - Allegro.pl"
28,Nie wystawiam faktury,,,automatyczna dwustrefowa,Srebrny,,,,5,170 KM,Kombi,Na przednie ko?a,,Audi,,,,1984 cm³,167000 km,Benzyna,2009,Automatyczna,U?ywany,,,,,,2020-07-07 15:00:54.959233,A6,9455185115,36500,C6 (2004-2011),Audi A6 2.0 TFSI LIFT BOSE Czarna Podsufitka Kombi 9455185115 - Allegro.pl
29,Nie wystawiam faktury,,,automatyczna czterostrefowa,Zielony,,,,5,177 KM,Kombi,Na przednie ko?a,,Audi,,,,2000 cm³,185000 km,Diesel,2013,Manualna,U?ywany,,,,,,2020-07-07 15:00:56.156581,A6,9222636370,55000,C7 (2011-),Audi A6 C7 2.0d 177 hp 2013 r Manual 9222636370 - Allegro.pl
30,Nie wystawiam faktury,,Nie,automatyczna dwustrefowa,Bia?y,Belgia,Metalik,2/3,4,140 KM,Kabriolet,Na przednie ko?a,TRUZZZ8P981006698,Audi,sprzeda?,,,1900 cm³,137600 km,Diesel,2009,Manualna,U?ywany,,,,,,2020-07-07 15:00:58.055562,A3,9466624275,41500,8P (2003-2012),CABRIO AUDI A3 1.9 TDI IBIS WHITE S-LINE BOSE PL 9466624275 - Allegro.pl
31,Wystawiam faktur? VAT,,Nie,automatyczna dwustrefowa,Czarny,,,4/5,5,150 KM,Sedan,4x4,,Audi,sprzeda?,?wiat?a mijania LED,,1968 cm³,151000 km,Diesel,2016,Manualna,U?ywany,,,,,,2020-07-07 15:00:59.428586,A3,9285449482,59999,8V (2012-),Audi A3 2.0 TDI 150 KM 2016 WARSZAWA VAT23% 9285449482 - Allegro.pl
32,Wystawiam faktur? VAT-mar?a,,,automatyczna czterostrefowa,Czarny,,Metalik,,5,190 KM,Kombi,4x4,,Audi,sprzeda?,,,2000 cm³,142512 km,Diesel,2016,Automatyczna,U?ywany,lakier fabryczny,,,,,2020-07-07 15:01:00.792946,A4,9433302569,88900,B9 (2015-),TOTAL S-LINE PLUS QUATTRO 190_RADAR_VIRTUAL_MATRIX 9433302569 - Allegro.pl
33,Wystawiam faktur? VAT-mar?a,,Nie,automatyczna czterostrefowa,Czarny,,Metalik,4/5,5,320 KM,Kombi,4x4,,Audi,sprzeda?,,,2967 cm³,226000 km,Diesel,2015,Automatyczna,U?ywany,,,,,,2020-07-07 15:01:02.400753,A6,9461000362,115700,C7 (2011-),AUDI A6 3.0 V6T Bi-TURBO TDI 320KM S-LINE QUATTRO 9461000362 - Allegro.pl
34,Wystawiam faktur? VAT,,Nie,automatyczna czterostrefowa,Czarny,Niemcy,Metalik,4/5,5,190 KM,Kombi,Na przednie ko?a,WAUZZZ4G4GN176178,Audi,sprzeda?,,import,1968 cm³,151364 km,Diesel,2016,Automatyczna,U?ywany,lakier fabryczny,,,,,2020-07-07 15:01:03.915477,A6,9417402250,93500,C7 (2011-),"Audi A6 2,0 TDi 190KM 2016R BOSE DACH ASO FaVat23% 9417402250 - Allegro.pl"
35,Nie wystawiam faktury,Serwisowany w ASO,Nie,automatyczna dwustrefowa,inny,Niemcy,Metalik,4/5,5,140 KM,Kombi,Na przednie ko?a,,Audi,sprzeda?,,import,2000 cm³,127000 km,Diesel,2011,Manualna,U?ywany,,,,,,2020-07-07 15:01:05.652505,A4,9450188806,34990,B8 (2007-2015),AUDI A4 2.0 TDI SERWIS 127 TYS.KM !! 9450188806 - Allegro.pl
36,Wystawiam faktur? VAT-mar?a,,Nie,automatyczna czterostrefowa,Br?zowy,Niemcy,Per?owy,4/5,5,190 KM,Kombi,Na przednie ko?a,,Audi,sprzeda?,,import,1968 cm³,178 km,Diesel,2015,Automatyczna,U?ywany,lakier fabryczny,,,,,2020-07-07 15:01:07.132212,A6,9403248844,86900,C7 (2011-),A6 S-LINE 190KM FULL LED ALU 20' KAM PANO 4-STREFY 9403248844 - Allegro.pl
37,Wystawiam faktur? VAT-mar?a,,Nie,automatyczna jednostrefowa,Czarny,Austria,Akryl (niemetalizowany),4/5,5,211 KM,Terenowy,4x4,WAUZZZ8RX9A044581,Audi,sprzeda?,,import,1984 cm³,189000 km,Benzyna,2009,Manualna,U?ywany,,,,,,2020-07-07 15:01:08.555510,Q5,9319354130,45400,8R (2008-2016),AUDI Q5 2.0 TFSI quattro 211 KM skóra panorama 9319354130 - Allegro.pl
38,Nie wystawiam faktury,,Nie,automatyczna czterostrefowa,Czarny,Niemcy,Metalik,4/5,5,204 KM,Sedan,Na przednie ko?a,,Audi,,,import,2967 cm³,225620 km,Diesel,2011,Automatyczna,U?ywany,,,,,,2020-07-07 15:01:10.019123,A6,9454995304,59999,C7 (2011-),AUDI A6 C7 2011 SEDAN 3.0 TDI XENON LED NAVI ALU 9454995304 - Allegro.pl
39,Nie wystawiam faktury,,Nie,automatyczna dwustrefowa,inny,Polska,Per?owy,4/5,5,130 KM,Kombi,Na przednie ko?a,,Audi,sprzeda?,?wiat?a przeciwmg?owe,import,1900 cm³,326621 km,Diesel,2002,Manualna,U?ywany,lakier fabryczny,,,,,2020-07-07 15:01:12.037717,A4,9468690548,9000,B6 (2000-2004),audi a4 9468690548 - Allegro.pl
40,Nie wystawiam faktury,,,automatyczna jednostrefowa,Czarny,,,,5,140 KM,Kombi,Na przednie ko?a,,Audi,,,,1968 cm³,290000 km,Diesel,2005,Automatyczna,U?ywany,,,,,,2020-07-07 15:01:13.286645,A4,9439022641,12900,B7 (2004-2007),AUDI A4 B7 140 km 8V!!! Prywatne!! 9439022641 - Allegro.pl
41,Wystawiam faktur? VAT-mar?a,,Nie,automatyczna czterostrefowa,Szary,,Metalik,,5,252 KM,Sedan,4x4,,Audi,sprzeda?,,,1984 cm³,12700 km,Benzyna,2018,Automatyczna,U?ywany,,,,,,2020-07-07 15:01:14.614920,A4,9378574516,129000,B9 (2015-),"Audi A4 QUATTRO 2.0TFSI S LINE, Radary,HUD,Kamery 9378574516 - Allegro.pl"
42,Wystawiam faktur? VAT-mar?a,,Nie,automatyczna dwustrefowa,Czarny,Belgia,Metalik,4/5,5,163 KM,Kombi,Na przednie ko?a,WAUZZZ4G5CN117103,Audi,sprzeda?,,import,1968 cm³,205000 km,Diesel,2012,Manualna,U?ywany,lakier fabryczny,,,,,2020-07-07 15:01:15.939418,A6,9469007736,51900,C7 (2011-),Audi A6 Bi xenon Led Navi Skóry Tempomat Pdc 9469007736 - Allegro.pl
43,Nie wystawiam faktury,,Nie,automatyczna czterostrefowa,Bia?y,Stany Zjednoczone,Per?owy,4/5,5,340 KM,Sedan,4x4,,Audi,sprzeda?,,import,3000 cm³,9800 km,Benzyna,2019,Automatyczna,U?ywany,lakier fabryczny,,,,,2020-07-07 15:01:17.050957,A6,9467467687,360000,C8 (2018-),Pi?kne A6 55TFSI 340KM Matrix LED NAVI ACC 360 9467467687 - Allegro.pl
44,Nie wystawiam faktury,Bezwypadkowy,,automatyczna dwustrefowa,Czarny,,,4/5,5,255 KM,Sedan,4x4,,Audi,,,,3123 cm³,260000 km,Benzyna,2005,Manualna,U?ywany,,,,,,2020-07-07 15:01:18.123131,A6,9391026006,22300,C6 (2004-2011),AUDI A6 C6 3.2 FSI V6 quattro 255 KM 9391026006 - Allegro.pl
45,Nie wystawiam faktury,,,automatyczna dwustrefowa,Czarny,,,4/5,5,225 KM,Sedan,4x4,,Audi,,,,2998 cm³,286000 km,Diesel,2006,Automatyczna,U?ywany,,,,,,2020-07-07 15:01:19.356221,A6,9450311898,24900,C6 (2004-2011),Audi a6c6 9450311898 - Allegro.pl
46,Nie wystawiam faktury,,Nie,automatyczna jednostrefowa,Bia?y,Niemcy,,4/5,5,150 KM,Kombi,Na przednie ko?a,,Audi,sprzeda?,,import,2000 cm³,180000 km,Diesel,2016,Automatyczna,U?ywany,lakier fabryczny,,,,,2020-07-07 15:01:20.442345,A4,9356391669,75500,B9 (2015-),AUDI A4 2.0 TDI S Line MAXXX IDEALNE 100% ORYGINA? 9356391669 - Allegro.pl
47,Wystawiam faktur? VAT,,,automatyczna czterostrefowa,Szary,,Per?owy,,5,272 KM,Sedan,4x4,,Audi,sprzeda?,,,2967 cm³,175000 km,Diesel,2015,Automatyczna,U?ywany,lakier fabryczny,,,,,2020-07-07 15:01:21.498274,A6,9440630015,95000,C7 (2011-),"AUDI A6 (4G2, 4GC, C7) 3.0 TDI quattro 272 KM 9440630015 - Allegro.pl"
48,Nie wystawiam faktury,,,automatyczna dwustrefowa,Czarny,,,,5,140 KM,Sedan,Na przednie ko?a,,Audi,,,,2000 cm³,278000 km,Diesel,2011,Manualna,U?ywany,,,,,,2020-07-07 15:01:23.094735,A4,9462347727,34500,B8 (2007-2015),Audi 2.0 tdi 2011 9462347727 - Allegro.pl
49,Wystawiam faktur? VAT,,Nie,automatyczna dwustrefowa,Bia?y,,,4/5,5,313 KM,Hatchback,4x4,,Audi,sprzeda?,,,2967 cm³,172000 km,Diesel,2013,Automatyczna,U?ywany,,,,,,2020-07-07 15:01:24.478373,A7,9458225967,124999,C7 (2010-2018),AUDI A7 3.0 V6 BI-TURBO TDI 313KM QUATTRO BOOSTER 9458225967 - Allegro.pl
50,Wystawiam faktur? VAT-mar?a,,Nie,automatyczna dwustrefowa,inny,Niemcy,Per?owy,,5,190 KM,Liftback,4x4,,Audi,sprzeda?,,import,1968 cm³,128 km,Diesel,2015,Manualna,U?ywany,lakier fabryczny,,,,,2020-07-07 15:01:25.927682,A5,9468491155,85900,8T (2007-2016),A5 S-LINE PLUS *COMPETITION* 190PS *QUATTRO* MAX! 9468491155 - Allegro.pl
51,Nie wystawiam faktury,,,automatyczna dwustrefowa,Szary,,Metalik,4/5,5,233 KM,Kombi,4x4,,Audi,sprzeda?,,,2967 cm³,298252 km,Diesel,2005,Automatyczna,U?ywany,,,,,,2020-07-07 15:01:28.937456,A6,9444615483,21500,C6 (2004-2011),"AUDI A6 (4F2, C6) 3.0 TDI quattro 233 KM 9444615483 - Allegro.pl"
52,Wystawiam faktur? VAT-mar?a,,Nie,automatyczna czterostrefowa,inny,,Metalik,4/5,5,204 KM,Liftback,4x4,,Audi,sprzeda?,,,2967 cm³,237000 km,Diesel,2011,Automatyczna,U?ywany,,,,,,2020-07-07 15:01:31.362404,A7,9314776090,75700,C7 (2010-2018),AUDI A7 3.0 V6 TDI JASNA SKÓRA NOKTOWIZOR HEAD-UP 9314776090 - Allegro.pl
53,Wystawiam faktur? VAT,,Nie,automatyczna czterostrefowa,Czarny,Niemcy,Metalik,,5,272 KM,Hatchback,4x4,,Audi,sprzeda?,,import,2967 cm³,148000 km,Diesel,2015,Automatyczna,U?ywany,lakier fabryczny,,,,,2020-07-07 15:01:32.929538,A6,9422958498,103000,C7 (2011-),AUDI a6 3.0TDI 2015r. 4x4 b. zadbany 272KONI 9422958498 - Allegro.pl
54,Nie wystawiam faktury,,,automatyczna dwustrefowa,Czarny,,,,5,116 KM,Kombi,Na przednie ko?a,,Audi,,,krajowe,1896 cm³,263000 km,Diesel,2009,Manualna,U?ywany,,,,,,2020-07-07 15:01:33.876105,A4,9452248837,26600,B7 (2004-2007),"AUDI A4 Avant (8ED, B7) 2.0 TDI 143KM 9452248837 - Allegro.pl"
55,Wystawiam faktur? VAT,,Nie,automatyczna dwustrefowa,inny,,Metalik,,5,252 KM,Sedan,4x4,,Audi,sprzeda?,,,1984 cm³,14500 km,Benzyna,2018,Automatyczna,U?ywany,,,,,,2020-07-07 15:01:35.175528,A4,9378581435,113000,B9 (2015-),"Audi A4 Quattro 2.0TFSI, S LINE, Bang&Olufsen 9378581435 - Allegro.pl"
56,Wystawiam faktur? VAT-mar?a,,,automatyczna dwustrefowa,Czarny,Niemcy,,4/5,5,163 KM,Kombi,Na przednie ko?a,WAUZZZ8E46A241576,Audi,sprzeda?,,import,1800 cm³,200000 km,Benzyna,2006,Manualna,U?ywany,,,,,,2020-07-07 15:01:36.462278,A4,9444657263,21900,B7 (2004-2007),"Audi A4 1.8T 163KM, Bezwypadkowy, Gwarancja 9444657263 - Allegro.pl"
57,Wystawiam faktur? VAT-mar?a,Zarejestrowany w Polsce,Nie,automatyczna dwustrefowa,Czarny,Stany Zjednoczone,Metalik,4/5,5,220 KM,Sedan,4x4,,Audi,sprzeda?,,,1998 cm³,120000 km,Benzyna,2015,Automatyczna,U?ywany,,,,,,2020-07-07 15:01:37.796645,A3,9128378869,49999,8V (2012-),Audi A3 8V 2.0 Benz 4x4 2015 Warszawa 9128378869 - Allegro.pl
58,Wystawiam faktur? VAT-mar?a,,,automatyczna czterostrefowa,Bordowy,,Metalik,4/5,5,150 KM,Sedan,Na przednie ko?a,,Audi,sprzeda?,,,1968 cm³,179000 km,Diesel,2017,Manualna,U?ywany,lakier fabryczny,,,,,2020-07-07 15:01:38.883595,A4,9460838094,82900,B9 (2015-),RARYTAS_PRZYCI?GA WZROK_MATRIX_KREMOWE WN?TRZE 9460838094 - Allegro.pl
59,Wystawiam faktur? VAT-mar?a,,,automatyczna dwustrefowa,Bia?y,,,2/3,5,204 KM,Kabriolet,Na przednie ko?a,,Audi,sprzeda?,,,3000 cm³,153000 km,Diesel,2012,Automatyczna,U?ywany,,,,,,2020-07-07 15:01:40.150438,A5,9308174131,79900,8T (2007-2016),AUDI A5 RS5 CABRIO JEDYNE 3.0TD LIFT ALU20 ZAMIANA 9308174131 - Allegro.pl
60,Wystawiam faktur? VAT,,,automatyczna dwustrefowa,Szary,,,4/5,5,252 KM,Kombi,4x4,,Audi,,,import,1984 cm³,9500 km,Benzyna,2017,Automatyczna,U?ywany,,,,,,2020-07-07 15:01:41.610986,A4 Allroad,9372961056,109000,,Audi A4 B9 Allroad Full Led Bang&Olufsen 9372961056 - Allegro.pl
61,Wystawiam faktur? VAT-mar?a,,,automatyczna dwustrefowa,Srebrny,,,,5,160 KM,Sedan,Na przednie ko?a,,Audi,,,,1800 cm³,177600 km,Benzyna,2008,Manualna,U?ywany,,,,,,2020-07-07 15:01:43.186424,A4,9450941977,29900,B8 (2007-2015),"Audi A4 B8 1.8 Benzyna, Limuzyna, Reprezentatywny 9450941977 - Allegro.pl"
62,Nie wystawiam faktury,,,manualna,Szary,,,,4,170 KM,Coupe,4x4,,Audi,,,,1968 cm³,247000 km,Diesel,2008,Manualna,U?ywany,,,,,,2020-07-07 15:01:44.747404,TT,9446467178,31500,8J (2006-2013),AUDI TT (8J3) 2.0 TDI quattro 170 KM 9446467178 - Allegro.pl
63,Wystawiam faktur? VAT-mar?a,,,automatyczna dwustrefowa,Szary,,,,5,170 KM,Kombi,Na przednie ko?a,,Audi,,,,1986 cm³,265107 km,Diesel,2006,Manualna,U?ywany,,,,,,2020-07-07 15:01:45.896794,A4,9250323336,21700,B7 (2004-2007),"Audi A4 B7 2.0 TDI, Zarejestrowany, Bez wk?adu 9250323336 - Allegro.pl"
64,Wystawiam faktur? VAT-mar?a,,,automatyczna dwustrefowa,Czerwony,,,4/5,5,115 KM,Hatchback,Na przednie ko?a,WAUZZZ8P86A160744,Audi,sprzeda?,?wiat?a przeciwmg?owe,,1600 cm³,155349 km,Benzyna,2006,Manualna,U?ywany,,,,,,2020-07-07 15:01:46.929734,A3,9368353546,20900,8P (2003-2012),"1.6 Serwis ASO,Niski przebieg ,Klima dwustrefowa, 9368353546 - Allegro.pl"
65,Wystawiam faktur? VAT,Zarejestrowany w Polsce,Nie,automatyczna jednostrefowa,Czarny,Polska,Metalik,4/5,5,110 KM,Hatchback,Na przednie ko?a,,Audi,,?wiat?a przeciwmg?owe,krajowe,1598 cm³,96320 km,Diesel,2015,Manualna,U?ywany,,,,,,2020-07-07 15:01:48.142814,A3,9467197557,52000,8V (2012-),"Audi A3 1.6 TDI , 1. W?a?ciciel, Navi 9467197557 - Allegro.pl"
66,Wystawiam faktur? VAT-mar?a,,,automatyczna dwustrefowa,Niebieski,,,,5,150 KM,Hatchback,Na przednie ko?a,,Audi,,,,1998 cm³,262192 km,Benzyna,2003,Manualna,U?ywany,,,,,,2020-07-07 15:01:50.413299,A3,9270257481,13700,8P (2003-2012),"Audi A3 2.0 Benzyna, 150 PS, Model : 2004, Lift 9270257481 - Allegro.pl"
67,Nie wystawiam faktury,,,automatyczna dwustrefowa,Bia?y,,,,5,333 KM,Sedan,4x4,,Audi,,,,3000 cm³,73000 km,Benzyna,2015,Automatyczna,U?ywany,,,,,,2020-07-07 15:01:51.709354,S4,9470398913,97500,B8 (2007-2015),Audi S4 333KM. Pi?kne. Bang.Alkantara.Pilne.Okazja 9470398913 - Allegro.pl
68,Wystawiam faktur? VAT,,,automatyczna dwustrefowa,Szary,,,4/5,5,385 KM,Sedan,4x4,WAUZZZ4H9EN015900,Audi,sprzeda?,,,4134 cm³,120593 km,Diesel,2014,Automatyczna,U?ywany,,,,,,2020-07-07 15:01:57.777312,A8,9412567505,199900,D4 (2010-),"Vat23%, MatrixBeam, Head-UP, Wentylacj, kamera 9412567505 - Allegro.pl"
69,Nie wystawiam faktury,,,automatyczna dwustrefowa,Srebrny,,,4/5,5,130 KM,Sedan,Na przednie ko?a,,Audi,sprzeda?,?wiat?a przeciwmg?owe,import,1896 cm³,270000 km,Diesel,2003,Manualna,U?ywany,,,,Radio niefabryczne,,2020-07-07 15:01:58.816256,A6,9405254304,8900,C5 (1997-2004),AUDI A6 1.9 TDI 130 KM sedan skóry alu zobacz 9405254304 - Allegro.pl
70,Nie wystawiam faktury,,Nie,automatyczna jednostrefowa,Niebieski,Belgia,Metalik,4/5,5,136 KM,Sedan,Na przednie ko?a,,Audi,sprzeda?,,,1968 cm³,238000 km,Diesel,2008,Manualna,U?ywany,lakier fabryczny,,,,,2020-07-07 15:01:59.883915,A4,9337461394,36500,B8 (2007-2015),AUDI A4 B8 2.0 TDI CR *PARKTRONIC *NAVI PL *LED 9337461394 - Allegro.pl
71,Wystawiam faktur? VAT,Zarejestrowany w Polsce,Nie,automatyczna jednostrefowa,Srebrny,Polska,Metalik,4/5,5,100 KM,Sedan,Na przednie ko?a,,Audi,,?wiat?a przeciwmg?owe,krajowe,1595 cm³,240436 km,Benzyna,1999,Manualna,U?ywany,,,,CD,,2020-07-07 15:02:01.704720,A4,9449774737,5000,B5 (1995-2001),"Audi A4 1.6 , Klimatronic,ALU, El. szyby 9449774737 - Allegro.pl"
72,Nie wystawiam faktury,,,automatyczna dwustrefowa,inny,Szwajcaria,Metalik,4/5,5,333 KM,Kombi,4x4,WAUZZZ8K0BA007581,Audi,sprzeda?,,,2995 cm³,130000 km,Benzyna,2010,Automatyczna,U?ywany,lakier fabryczny,,,,,2020-07-07 15:02:04.625750,S4,9438346383,77999,B8 (2007-2015),Audi S4 B8 Avant 3.0 V6 333KM (Szwajcaria) 9438346383 - Allegro.pl
73,Wystawiam faktur? VAT,,,automatyczna dwustrefowa,Niebieski,,,,5,200 KM,SUV,,,Audi,sprzeda?,,,1984 cm³,21900 km,Benzyna,2017,Automatyczna,U?ywany,,,,,,2020-07-07 15:02:05.880686,Q3,9158938484,94900,,Audi Q3 2.0 TFSI 200KM VAT 23% 9158938484 - Allegro.pl
74,Wystawiam faktur? VAT,Zarejestrowany w Polsce,Nie,automatyczna jednostrefowa,Zielony,Polska,Metalik,4/5,5,110 KM,Kombi,Na przednie ko?a,,Audi,,,krajowe,1896 cm³,358134 km,Diesel,1998,Manualna,U?ywany,,,,CD,,2020-07-07 15:02:06.873225,A4,9467047456,5000,B5 (1995-2001),"Audi A4 1.9 TDI , Klimatronic,ALU, El. szyby 9467047456 - Allegro.pl"
75,Wystawiam faktur? VAT-mar?a,,Nie,manualna,Czarny,,Metalik,4/5,5,150 KM,SUV,Na przednie ko?a,,Audi,sprzeda?,?wiat?a mijania LED,,1395 cm³,42000 km,Benzyna,2016,Manualna,U?ywany,,,,,,2020-07-07 15:02:07.993149,Q3,9405990068,54900,,Audi Q3 1.4 9405990068 - Allegro.pl
76,Nie wystawiam faktury,,Nie,automatyczna jednostrefowa,Czerwony,Niemcy,Akryl (niemetalizowany),2/3,4,211 KM,Coupe,Na przednie ko?a,,Audi,sprzeda?,,,1984 cm³,158600 km,Benzyna,2007,Automatyczna,U?ywany,lakier fabryczny,,,,,2020-07-07 15:02:09.015716,TT,9202980931,48000,8J (2006-2013),AUDI TT (8J3) 2.0 TFSI 9202980931 - Allegro.pl
77,Wystawiam faktur? VAT-mar?a,,Nie,automatyczna dwustrefowa,Pomara?czowy,Polska,Metalik,4/5,5,170 KM,SUV,4x4,,Audi,sprzeda?,,,1984 cm³,125 km,Benzyna,2012,Manualna,U?ywany,,,,,,2020-07-07 15:02:10.209100,Q3,9378665349,64700,,AUDI Q3 2.0 TFSI 170KM QUATTRO S-LINE SALON POLSKA 9378665349 - Allegro.pl
78,Nie wystawiam faktury,,,automatyczna dwustrefowa,Bia?y,,,,5,190 KM,Sedan,Na przednie ko?a,,Audi,,,,1968 cm³,172000 km,Diesel,2013,Manualna,U?ywany,,,,,,2020-07-07 15:02:11.178953,A4,8967132260,55000,B8 (2007-2015),SAMOCHOD OSOBOWY AUDI A4 2.0TDI CR 197 KM 8967132260 - Allegro.pl
79,Wystawiam faktur? VAT-mar?a,,Nie,automatyczna dwustrefowa,Szary,,Metalik,4/5,5,163 KM,Sedan,Na przednie ko?a,,Audi,sprzeda?,,,2000 cm³,167804 km,Diesel,2011,Manualna,U?ywany,,,,,,2020-07-07 15:02:12.517732,A6,9084026936,66700,C4 (1994-1997),Audi A6 9084026936 - Allegro.pl
80,Nie wystawiam faktury,,Nie,automatyczna dwustrefowa,Szary,Polska,Metalik,4/5,5,180 KM,Liftback,4x4,WAUZZZ8V6GA005061,Audi,sprzeda?,,krajowe,1798 cm³,85430 km,Benzyna,2015,Automatyczna,U?ywany,lakier fabryczny,,,,,2020-07-07 15:02:13.835133,A3,9450503777,78000,8V (2012-),AUDI A3 Sportback 1.8 TFSI quattro 179 KM s-line 9450503777 - Allegro.pl
81,Wystawiam faktur? VAT-mar?a,,Nie,automatyczna dwustrefowa,Czarny,Niemcy,Metalik,4/5,5,170 KM,SUV,4x4,,Audi,sprzeda?,,,2000 cm³,257280 km,Diesel,2009,Manualna,U?ywany,,,,,,2020-07-07 15:02:15.345432,Q5,9084022522,52700,8R (2008-2016),Audi Q5 9084022522 - Allegro.pl
82,Nie wystawiam faktury,,Nie,automatyczna jednostrefowa,Srebrny,Niemcy,,2/3,5,101 KM,Hatchback,Na przednie ko?a,,Audi,sprzeda?,,import,1600 cm³,245000 km,Benzyna,2001,Automatyczna,U?ywany,,,,,,2020-07-07 15:02:16.784770,A3,9138893729,8500,8L (1996-2003),AUDI A3 (8L1) 1.6 101 KM 9138893729 - Allegro.pl
83,Wystawiam faktur? VAT-mar?a,,Nie,automatyczna dwustrefowa,Szary,,Metalik,4/5,5,143 KM,Kombi,Na przednie ko?a,,Audi,sprzeda?,,,2000 cm³,229230 km,Diesel,2010,Manualna,U?ywany,,,,,,2020-07-07 15:02:17.944866,A4,9084023118,33700,B5 (1995-2001),Audi A4 9084023118 - Allegro.pl
84,Wystawiam faktur? VAT,,Nie,automatyczna jednostrefowa,Czarny,Polska,Metalik,4/5,5,245 KM,SUV,4x4,,Audi,,,krajowe,2967 cm³,138206 km,Diesel,2015,Automatyczna,U?ywany,,,,,,2020-07-07 15:02:19.152335,Q7,9449137350,112000,I (2005-2015),"Audi Q7 3.0 TDI , Salon Polska, Serwis ASO 9449137350 - Allegro.pl"
85,Wystawiam faktur? VAT-mar?a,,,automatyczna jednostrefowa,Czarny,,Metalik,,5,150 KM,Kombi,Na przednie ko?a,,Audi,sprzeda?,,import,2000 cm³,160000 km,Diesel,2015,Manualna,U?ywany,lakier fabryczny,,,,,2020-07-07 15:02:22.094787,A4,9432891069,49900,B8 (2007-2015),"AUDI A4 B8 LIFT, 100% Bezwypadkowy w Oryginale ! 9432891069 - Allegro.pl"
86,Wystawiam faktur? VAT-mar?a,,,automatyczna dwustrefowa,Z?oty,Niemcy,Metalik,,5,170 KM,SUV,4x4,,Audi,sprzeda?,,import,2000 cm³,190000 km,Diesel,2009,Manualna,U?ywany,lakier fabryczny,,,,,2020-07-07 15:02:23.882584,Q5,9372533478,53900,8R (2008-2016),"AUDI Q5, 2,0 TDI QUATTRO, Bezwypadkowy, Super Stan 9372533478 - Allegro.pl"
87,Wystawiam faktur? VAT,,Nie,automatyczna czterostrefowa,inny,Polska,Metalik,,5,272 KM,Sedan,4x4,,Audi,sprzeda?,,krajowe,3000 cm³,106000 km,Diesel,2016,Automatyczna,U?ywany,lakier fabryczny,,,,,2020-07-07 15:02:25.229437,A6,9267580786,128500,C7 (2011-),Audi A6 3.0 TDI 272KM Krajowy Bezwypadkowy FV23% 9267580786 - Allegro.pl
88,Nie wystawiam faktury,,,automatyczna dwustrefowa,Srebrny,,,,5,130 KM,Hatchback,,,Audi,,,,1900 cm³,100000 km,Diesel,2005,Manualna,Uszkodzony,,,,,,2020-07-07 15:02:26.367121,A3,9415209841,2500,8P (2003-2012),AUDI A3 8P CA?A LUB NA CZ??CI 9415209841 - Allegro.pl
89,Nie wystawiam faktury,,,brak,Zielony,,,,5,90 KM,Kombi,Na przednie ko?a,,Audi,,,,1900 cm³,317000 km,Diesel,1994,Manualna,U?ywany,,,,,,2020-07-07 15:02:27.575574,80,9398664101,2300,B4 (1991-1995),Audi 80 B4 9398664101 - Allegro.pl
90,Nie wystawiam faktury,,Nie,automatyczna dwustrefowa,Szary,,Akryl (niemetalizowany),4/5,5,110 KM,Liftback,Na przednie ko?a,WAUZZZ8Z93N009353,Audi,sprzeda?,,,1598 cm³,260000 km,Benzyna,2002,Manualna,U?ywany,,,,,,2020-07-07 15:02:28.663969,A2,9081673445,11500,,AUDI A2 (8Z0) 1.6 FSI 110 KM 9081673445 - Allegro.pl
91,Wystawiam faktur? VAT-mar?a,,,automatyczna dwustrefowa,Czarny,,,,5,170 KM,Kombi,Na przednie ko?a,,Audi,,,,2000 cm³,298311 km,Diesel,2007,Manualna,U?ywany,,,,,,2020-07-07 15:02:30.312751,A4,9138309218,19700,B7 (2004-2007),"Audi A4 B7 S-LINE 2.0 TDI, 170 PS 9138309218 - Allegro.pl"
92,Wystawiam faktur? VAT,,Nie,automatyczna jednostrefowa,Srebrny,Polska,Metalik,4/5,5,177 KM,Kombi,Na przednie ko?a,,Audi,,,krajowe,1968 cm³,111126 km,Diesel,2013,Automatyczna,U?ywany,,,,,,2020-07-07 15:02:32.216202,A4,9442812393,55000,B8 (2007-2015),"Audi A4 2.0 TDI , Salon Polska, 1. W?a?ciciel 9442812393 - Allegro.pl"
93,Wystawiam faktur? VAT-mar?a,,,automatyczna dwustrefowa,Szary,,,,5,116 KM,Hatchback,Na przednie ko?a,,Audi,,,,1598 cm³,159640 km,Benzyna,2007,Manualna,U?ywany,,,,,,2020-07-07 15:02:33.513446,A3,9203983297,22700,8P (2003-2012),"Audi A3 1.6 Benzyna Sportback, Podwójny Szyberdach 9203983297 - Allegro.pl"
94,Wystawiam faktur? VAT-mar?a,,,automatyczna jednostrefowa,Czarny,,Metalik,,5,150 KM,Kombi,Na przednie ko?a,,Audi,sprzeda?,,import,2000 cm³,160000 km,Diesel,2015,Manualna,U?ywany,lakier fabryczny,,,,,2020-07-07 15:02:34.480202,A4,9465943499,49900,B8 (2007-2015),"AUDI A4 B8 LIFT, 100% Bezwypadkowy w Oryginale ! 9465943499 - Allegro.pl"
95,Nie wystawiam faktury,,Nie,automatyczna jednostrefowa,Bia?y,Niemcy,Metalik,4/5,5,150 KM,Kombi,Na przednie ko?a,,Skoda,sprzeda?,,import,2000 cm³,172000 km,Diesel,2016,Automatyczna,U?ywany,lakier fabryczny,,,,,2020-07-07 15:02:36.049405,Superb,9152999311,75500,III (2015-),AUDI A4 2.0 TDI S Line MAXXX IDEALNE 100% ORYGINA? 9152999311 - Allegro.pl
96,Wystawiam faktur? VAT,,Nie,automatyczna dwustrefowa,Bia?y,Polska,,,5,190 KM,Kombi,4x4,,Audi,sprzeda?,,krajowe,2000 cm³,89000 km,Diesel,2015,Automatyczna,U?ywany,lakier fabryczny,,,,,2020-07-07 15:02:37.637835,A4 Allroad,9056059670,85977,,Audi A4 Allroad 2.0TDI 190KM Quattro STronic FV23% 9056059670 - Allegro.pl
97,Wystawiam faktur? VAT,,,automatyczna czterostrefowa,Br?zowy,Polska,Metalik,4/5,5,313 KM,Kombi,4x4,,Audi,sprzeda?,,krajowe,2967 cm³,192000 km,Diesel,2013,Automatyczna,U?ywany,lakier fabryczny,,,,,2020-07-07 15:02:39.212196,A6 Allroad,9349374015,107900,C7 (2012-),AUDI A6 ALLROAD 313 N/V BOSE WENT F. S.PL FV23% 9349374015 - Allegro.pl
98,Wystawiam faktur? VAT-mar?a,,Nie,automatyczna dwustrefowa,Srebrny,,Metalik,2/3,5,102 KM,Hatchback,Na przednie ko?a,,Audi,sprzeda?,,,1600 cm³,219729 km,Benzyna,2004,Manualna,U?ywany,,,,,,2020-07-07 15:02:40.773948,A3,9084022957,14700,8L (1996-2003),Audi A3 1.6 9084022957 - Allegro.pl
99,Wystawiam faktur? VAT-mar?a,,Nie,automatyczna dwustrefowa,Czarny,Stany Zjednoczone,Metalik,4/5,5,220 KM,Sedan,4x4,,Audi,sprzeda?,,,1984 cm³,37000 km,Benzyna,2016,Automatyczna,U?ywany,,,,,,2020-07-07 15:02:42.148754,A3,9439262824,63900,8V (2012-),Audi A3 9439262824 - Allegro.pl
100,Wystawiam faktur? VAT,,,automatyczna czterostrefowa,Bia?y,Szwajcaria,Metalik,4/5,5,272 KM,Liftback,4x4,,Audi,,,,2995 cm³,123 km,Benzyna,2013,Automatyczna,U?ywany,,,,,,2020-07-07 15:02:43.376229,A5,9434618575,89500,8T (2007-2016),AUDI A5 3xS-line 3.0 TFSI quattro 272 KM 9434618575 - Allegro.pl
101,Nie wystawiam faktury,,,automatyczna dwustrefowa,Bia?y,,,,4,354 KM,Coupe,4x4,,Audi,,,,2995 cm³,30000 km,Benzyna,2017,Automatyczna,U?ywany,,,,,,2020-07-07 15:02:44.698673,A5,9451624822,189000,F5 (2016-),AUDI S5 quattro 354 KM 9451624822 - Allegro.pl
102,Wystawiam faktur? VAT,,,automatyczna dwustrefowa,Szary,Polska,,4/5,5,218 KM,SUV,4x4,WAUZZZ4M2HD057333,Audi,sprzeda?,,krajowe,3000 cm³,39122 km,Diesel,2017,Automatyczna,U?ywany,,,,,,2020-07-07 15:02:46.127377,Q7,9367345424,189900,II (2015-),"Salon PL,Vat 23%,Podgrzewane fotele,Navi,Przebieg, 9367345424 - Allegro.pl"
103,Nie wystawiam faktury,,Nie,automatyczna czterostrefowa,Czarny,Niemcy,Metalik,4/5,7,233 KM,Terenowy,4x4,WAUZZZ4L17D015628,Audi,sprzeda?,,,2967 cm³,291600 km,Diesel,2006,Automatyczna,U?ywany,lakier fabryczny,,,,,2020-07-07 15:02:47.360578,Q7,9369768924,45000,I (2005-2015),AUDI Q7 QUATTRO 3.0 TDI 2006 9369768924 - Allegro.pl
104,Wystawiam faktur? VAT,,,automatyczna czterostrefowa,Srebrny,,,,5,385 KM,Sedan,4x4,,Audi,,,,4200 cm³,109000 km,Diesel,2015,Automatyczna,U?ywany,,,,,,2020-07-07 15:02:48.620000,A8,9357989152,180000,D4 (2010-),Audi A8L 4.2 tdi quattro audi select + gwarancja 9357989152 - Allegro.pl
105,Wystawiam faktur? VAT,,Nie,automatyczna jednostrefowa,Szary,Polska,Metalik,4/5,5,140 KM,Sedan,Na przednie ko?a,,Audi,,?wiat?a przeciwmg?owe,krajowe,1968 cm³,139808 km,Diesel,2006,Automatyczna,U?ywany,,,,CD,,2020-07-07 15:02:49.863629,A4,9467174283,22300,B7 (2004-2007),"Audi A4 2.0 TDI , Salon Polska, Automat 9467174283 - Allegro.pl"
106,Wystawiam faktur? VAT,Zarejestrowany w Polsce,Nie,automatyczna jednostrefowa,Czarny,Polska,Metalik,4/5,5,136 KM,Kombi,Na przednie ko?a,,Audi,,,krajowe,1968 cm³,220350 km,Diesel,2013,Manualna,U?ywany,,,,,,2020-07-07 15:02:51.265892,A4,9466664813,48000,B8 (2007-2015),"Audi A4 2.0 TDI , Navi, Xenon, Bi-Xenon 9466664813 - Allegro.pl"
107,Nie wystawiam faktury,,,automatyczna dwustrefowa,inny,,,,5,163 KM,Kombi,4x4,,Audi,,,,2699 cm³,244000 km,Diesel,2006,Automatyczna,U?ywany,,,,,,2020-07-07 15:02:52.882132,A6 Allroad,9443968946,24700,C6 (2006-2011),Audi A6 Allroad 2.7 TDI 163KM 9443968946 - Allegro.pl
108,Nie wystawiam faktury,,,automatyczna jednostrefowa,Szary,,,,5,150 KM,Hatchback,Na przednie ko?a,,Audi,,,,1600 cm³,31000 km,Diesel,2018,Automatyczna,U?ywany,,,,,,2020-07-07 15:02:55.561977,A3,9330756376,85000,8V (2012-),Audi A3 Mozliwosc ZAMIANY 9330756376 - Allegro.pl
109,Nie wystawiam faktury,,Nie,automatyczna dwustrefowa,Szary,Niemcy,Per?owy,4/5,5,233 KM,Sedan,4x4,WAUZZZ4F55N017089,Audi,sprzeda?,,import,2967 cm³,265686 km,Diesel,2005,Automatyczna,U?ywany,,,,,,2020-07-07 15:02:57.164164,A6,9462275472,17500,C6 (2004-2011),Audi A6 C6 SEDAN 3.0 tdi Quattro Tiptronic 19 Cali 9462275472 - Allegro.pl
110,Nie wystawiam faktury,Zarejestrowany w Polsce,Nie,manualna,Zielony,Niemcy,Metalik,2/3,5,150 KM,Kabriolet,Na przednie ko?a,,Audi,sprzeda?,,,2600 cm³,226000 km,Benzyna,1996,Manualna,U?ywany,,,,Radio fabryczne,Alufelgi,2020-07-07 15:02:58.547396,Cabriolet,9444726767,17900,,"Audi 80 cabrio 1996r 2.6 benzyna klima, ele.dach 9444726767 - Allegro.pl"
111,Wystawiam faktur? VAT,Zarejestrowany w Polsce,,automatyczna dwustrefowa,Srebrny,,Metalik,4/5,5,163 KM,Kombi,Na przednie ko?a,,Audi,sprzeda?,,,2496 cm³,311000 km,Diesel,2004,Manualna,U?ywany,naprawy blacharsko-lakiernicze,,,,,2020-07-07 15:03:00.014632,A4,9427441416,6500,B6 (2000-2004),Audi A4 Avant 9427441416 - Allegro.pl
112,Wystawiam faktur? VAT,,,automatyczna jednostrefowa,Czarny,Polska,,4/5,5,177 KM,Kombi,Na przednie ko?a,WAUZZZ8K7DA027684,Audi,sprzeda?,,krajowe,2000 cm³,219735 km,Diesel,2012,Automatyczna,U?ywany,,,,,,2020-07-07 15:03:01.387339,A4,9367339538,39900,B8 (2007-2015),"Polski salon, ASO Audi, Bi-xenon, LED, Klima 2 str 9367339538 - Allegro.pl"
113,Wystawiam faktur? VAT-mar?a,,Nie,automatyczna dwustrefowa,Czarny,Kanada,Metalik,4/5,5,250 KM,Sedan,4x4,,Audi,sprzeda?,,,1998 cm³,24000 km,Benzyna,2018,Automatyczna,U?ywany,,,,,,2020-07-07 15:03:02.736692,A4,9286025418,104900,B9 (2015-),Audi A4 2.0 TFSI 250 KM 2018r WARSZAWA 9286025418 - Allegro.pl
114,Wystawiam faktur? VAT-mar?a,Zarejestrowany w Polsce,Nie,automatyczna dwustrefowa,Bia?y,S?owenia,Per?owy,4/5,5,580 KM,Kombi,4x4,,Audi,sprzeda?,?wiat?a do jazdy dziennej,,4991 cm³,91000 km,Benzyna,2008,Automatyczna,U?ywany,,,,,,2020-07-07 15:03:04.009176,RS6,9286025334,99999,,Audi RS6 5.0 BENZ 580 KM 2008r WARSZAWA 9286025334 - Allegro.pl
115,Nie wystawiam faktury,,,automatyczna dwustrefowa,Srebrny,,,,7,233 KM,Terenowy,4x4,,Audi,sprzeda?,,,2967 cm³,298000 km,Diesel,2006,Automatyczna,U?ywany,,,,,,2020-07-07 15:03:05.708528,Q7,9337268905,36000,I (2005-2015),Audi Q7 offroad 2006 3.0 TDI 7-osobowe 9337268905 - Allegro.pl
116,Wystawiam faktur? VAT,,,automatyczna dwustrefowa,Bia?y,,,,5,150 KM,SUV,Na przednie ko?a,,Audi,,,,1500 cm³,8 km,Benzyna,2020,Automatyczna,Nowy,,,,,,2020-07-07 15:03:07.655105,Q3,9024491216,125500,,Audi Q3 35 TFSI SPORTBACK S tronic Wysoki RABAT !! 9024491216 - Allegro.pl
117,Wystawiam faktur? VAT,,,automatyczna dwustrefowa,Czarny,,,4/5,5,258 KM,Sedan,4x4,WAUZZZ4H0EN015350,Audi,sprzeda?,,,3000 cm³,274784 km,Diesel,2014,Automatyczna,U?ywany,,,,,,2020-07-07 15:03:08.780585,A8,9367340906,129900,D4 (2010-),"Vat23%,MatrixBeam,Kamera360 9367340906 - Allegro.pl"
118,Wystawiam faktur? VAT,,Nie,automatyczna jednostrefowa,Szary,Polska,Metalik,4/5,5,170 KM,SUV,4x4,,Audi,,,krajowe,1968 cm³,140034 km,Diesel,2009,Manualna,U?ywany,,,,,,2020-07-07 15:03:10.082764,Q5,9442823944,52000,8R (2008-2016),"Audi Q5 2.0 TDI , Salon Polska, Serwis ASO 9442823944 - Allegro.pl"
119,Wystawiam faktur? VAT-mar?a,,,automatyczna dwustrefowa,Szary,,Metalik,,5,110 KM,Hatchback,Na przednie ko?a,,Audi,sprzeda?,,import,1600 cm³,220000 km,Diesel,2011,Manualna,U?ywany,lakier fabryczny,,,,,2020-07-07 15:03:11.490299,A3,9372475114,27800,8P (2003-2012),"AUDI A3 Sportback, TDI, ''AMBIENTE'' XSENON. 9372475114 - Allegro.pl"
120,Wystawiam faktur? VAT-mar?a,,,automatyczna jednostrefowa,Srebrny,Dania,,4/5,5,240 KM,Sedan,Na przednie ko?a,wauzzz8k0da173862,Audi,sprzeda?,,,3000 cm³,280000 km,Diesel,2012,Automatyczna,U?ywany,,,,Bluetooth,,2020-07-07 15:03:12.733369,A4,9417389771,49999,B8 (2007-2015),Audi A4 A4 B8 Lift 3.0TDI REJ PL Full ASO 9417389771 - Allegro.pl
121,Nie wystawiam faktury,,Nie,automatyczna czterostrefowa,inny,Niemcy,Metalik,,5,190 KM,Kombi,Na przednie ko?a,,Audi,,,import,1968 cm³,136000 km,Diesel,2015,Manualna,U?ywany,,,,,,2020-07-07 15:03:14.098712,A6,9347884604,83900,C7 (2011-),Audi A6 2015 Matrix Panorama Kamera 9347884604 - Allegro.pl
122,Wystawiam faktur? VAT,,Nie,automatyczna czterostrefowa,Czarny,Polska,Per?owy,4/5,5,313 KM,Kombi,4x4,WAUZZZ4GXEN159253,Audi,,,,2967 cm³,237000 km,Diesel,2014,Automatyczna,U?ywany,lakier fabryczny,,,,,2020-07-07 15:03:15.795955,A6,9397944296,35000,C7 (2011-),AUDI A6 Avant 3.0TDI quattro 310 KM Aktywny Wydech 9397944296 - Allegro.pl
123,Wystawiam faktur? VAT,,,automatyczna dwustrefowa,inny,Polska,,4/5,5,163 KM,Sedan,Na przednie ko?a,,Audi,,,krajowe,1968 cm³,0 km,Diesel,2020,Automatyczna,Nowy,,,,,,2020-07-07 15:03:17.594478,A6,8201946018,149900,C8 (2018-),Audi A6 - NOWY taniej ni? w salonie 8201946018 - Allegro.pl
124,Wystawiam faktur? VAT,,Nie,automatyczna dwustrefowa,Szary,Hiszpania,Per?owy,4/5,5,218 KM,Kombi,4x4,,Audi,sprzeda?,,import,2967 cm³,113000 km,Diesel,2015,Automatyczna,U?ywany,,,,,,2020-07-07 15:03:19.497384,A6 Allroad,8844837604,95000,C7 (2012-),AUDI A6 C7 ALLROAD 3.0TDI 218KM 2015 # NOWA CENA! 8844837604 - Allegro.pl
125,Nie wystawiam faktury,,,automatyczna jednostrefowa,Zielony,,,,5,92 KM,Hatchback,Na przednie ko?a,,Audi,,,,1781 cm³,199285 km,Benzyna,1996,Manualna,U?ywany,,,,,,2020-07-07 15:03:20.876837,A3,9447819202,4900,8L (1996-2003),Audi A3 8L 1.8 125KM Benzyna Serwisowane Zadbane 9447819202 - Allegro.pl
126,Nie wystawiam faktury,,,automatyczna jednostrefowa,Czarny,,,,5,120 KM,Sedan,Na przednie ko?a,,Audi,,,,1800 cm³,103000 km,Benzyna,2008,Manualna,U?ywany,,,,,,2020-07-07 15:03:22.530225,A4,9382121108,34400,B8 (2007-2015),"Audi a4 b8 1,8 t 103 tys Przebiegu 9382121108 - Allegro.pl"
127,Nie wystawiam faktury,Zarejestrowany w Polsce,Tak,automatyczna dwustrefowa,Srebrny,Belgia,Metalik,4/5,5,245 KM,Sedan,4x4,WAUZZZ4G1BN033455,Audi,sprzeda?,,import,2967 cm³,245000 km,Diesel,2011,Automatyczna,Uszkodzony,,,,,,2020-07-07 15:03:23.746647,A6,7935683688,49900,C7 (2011-),AUDI A6 C7 QUATTRO 4X4 3.0TDI AUTOMAT 245KM 7935683688 - Allegro.pl
128,Nie wystawiam faktury,,,automatyczna dwustrefowa,Czarny,,,,5,435 KM,Sedan,4x4,,Audi,,,,5204 cm³,250000 km,Benzyna,2007,Automatyczna,U?ywany,,,,,,2020-07-07 15:03:25.284296,A6,9295406128,37500,C6 (2004-2011),"AUDI A6 (4F2, C6) S6 quattro 435 KM 9295406128 - Allegro.pl"
129,Nie wystawiam faktury,,Nie,automatyczna dwustrefowa,Niebieski,Francja,Metalik,4/5,5,116 KM,SUV,Na przednie ko?a,,Audi,sprzeda?,,import,1598 cm³,54000 km,Diesel,2017,Automatyczna,U?ywany,lakier fabryczny,,,,,2020-07-07 15:03:26.201273,Q2,9370295765,78900,,AUDI Q2 2017 1.6 TDI FULL LED KLIMATRONIC AUTOMAT 9370295765 - Allegro.pl
130,Nie wystawiam faktury,,Nie,automatyczna czterostrefowa,Niebieski,Niemcy,Per?owy,4/5,5,190 KM,Sedan,Na przednie ko?a,WAUZZZ4G0FN047711,Audi,sprzeda?,,,1968 cm³,263000 km,Diesel,2015,Automatyczna,U?ywany,,,,,,2020-07-07 15:03:27.243433,A6,9395078494,94999,C7 (2011-),Audi A6 S-Line*LED MATRIX*Domykanie*RADAR*FULL 9395078494 - Allegro.pl
131,Wystawiam faktur? VAT,,Nie,brak,Srebrny,,,,5,116 KM,Kombi,,,Audi,sprzeda?,,,1984 cm³,228100 km,Benzyna,1995,Manualna,U?ywany,,,,,Centralny zamek,2020-07-07 15:03:28.251527,80,9440832030,1900,B4 (1991-1995),AUDI 80 B4 AVANT 9440832030 - Allegro.pl
132,Nie wystawiam faktury,Zarejestrowany w Polsce,Nie,automatyczna dwustrefowa,Fioletowy,Niemcy,Metalik,4/5,5,245 KM,Coupe,4x4,,Audi,sprzeda?,,,2967 cm³,233000 km,Diesel,2011,Automatyczna,U?ywany,,,,,,2020-07-07 15:03:29.641818,A5,9318055033,54900,8T (2007-2016),AUDI A5 s-line 3.0 TDI quattro 245 KM felgi 20'' 9318055033 - Allegro.pl
133,Wystawiam faktur? VAT,,,automatyczna dwustrefowa,Srebrny,,,,5,140 KM,Kombi,Na przednie ko?a,,Audi,,,,2000 cm³,270000 km,Diesel,2005,Automatyczna,U?ywany,,,,,,2020-07-07 15:03:31.423421,A4,9331388777,10000,B7 (2004-2007),Audi a4 b7 9331388777 - Allegro.pl
134,Wystawiam faktur? VAT-mar?a,Zarejestrowany w Polsce,Nie,automatyczna dwustrefowa,Bia?y,Stany Zjednoczone,,4/5,5,211 KM,Sedan,4x4,,Audi,sprzeda?,?wiat?a do jazdy dziennej,,1998 cm³,170000 km,Benzyna,2013,Automatyczna,U?ywany,,,,,,2020-07-07 15:03:32.592493,A6,9128378905,54900,C7 (2011-),Audi A6 C7 4X4 2.0 BENZ 211KM WARSZAWA 9128378905 - Allegro.pl
135,Wystawiam faktur? VAT-mar?a,,,automatyczna dwustrefowa,inny,,,4/5,5,177 KM,Sedan,Na przednie ko?a,WAUZZZ4F25N094194,Audi,sprzeda?,,,2400 cm³,210000 km,Benzyna,2005,Automatyczna,U?ywany,,,,,,2020-07-07 15:03:34.000780,A6,9445677032,23700,C6 (2004-2011),S-Line 2.4i 177KM Serwisowana Gwarancja ! 9445677032 - Allegro.pl
136,Nie wystawiam faktury,,,manualna,Zielony,,,,5,1800 KM,Kombi,Na przednie ko?a,,Audi,,,,1800 cm³,37000 km,Benzyna + LPG,1996,Manualna,U?ywany,,,,,,2020-07-07 15:03:35.422945,A4,9443367982,1500,B5 (1995-2001),Audi a4b5 benzyna +LPG 9443367982 - Allegro.pl
137,Nie wystawiam faktury,,Nie,automatyczna dwustrefowa,inny,,,,5,102 KM,Sedan,Na przednie ko?a,,Audi,,?wiat?a przeciwmg?owe,,1600 cm³,359000 km,Benzyna + LPG,2001,Manualna,U?ywany,,,,Radio fabryczne,,2020-07-07 15:03:38.340570,A4,9439110248,10000,B6 (2000-2004),"Audi A4 B6 1,6 9439110248 - Allegro.pl"
138,Nie wystawiam faktury,Zarejestrowany w Polsce,,automatyczna dwustrefowa,Srebrny,,Metalik,4/5,5,160 KM,Sedan,Na przednie ko?a,WAUZZZ8K28N026487,Audi,,,,1798 cm³,195406 km,Benzyna,2008,Automatyczna,U?ywany,,,,,,2020-07-07 15:03:39.302670,A4,9306631948,28900,B8 (2007-2015),"AUDI A4 (8K2, B8) 1.8 TFSI 160 KM kamera cofania! 9306631948 - Allegro.pl"
139,Wystawiam faktur? VAT-mar?a,,Nie,automatyczna jednostrefowa,Czarny,Niemcy,Metalik,4/5,5,120 KM,Kombi,Na przednie ko?a,,Audi,sprzeda?,,,2000 cm³,197000 km,Diesel,2008,Manualna,U?ywany,lakier fabryczny,,,,,2020-07-07 15:03:40.402900,A4,9457156045,31900,B8 (2007-2015),CZARNE AUDI A4 2.0TDI zNIEMIEC BI-XENON LEDY 2xPDC 9457156045 - Allegro.pl
140,Nie wystawiam faktury,,Nie,automatyczna dwustrefowa,Czarny,Polska,Metalik,,5,170 KM,Liftback,Na przednie ko?a,,Audi,sprzeda?,,,1798 cm³,413888 km,Benzyna,2012,Manualna,U?ywany,,,,,,2020-07-07 15:03:41.584278,A5,9303484463,41500,8T (2007-2016),AUDI A5 Sportback (8TA) 1.8 TFSI 170 KM LIFT 9303484463 - Allegro.pl
141,Nie wystawiam faktury,,,automatyczna jednostrefowa,Szary,,,,5,143 KM,Kombi,,,Audi,,,,1968 cm³,228351 km,Diesel,2011,Manualna,Uszkodzony,,,,,,2020-07-07 15:03:42.838483,A4,9389511238,22900,B8 (2007-2015),Audi A4 143KM 9389511238 - Allegro.pl
142,Nie wystawiam faktury,Zarejestrowany w Polsce,,automatyczna dwustrefowa,Szary,Niemcy,Metalik,,5,240 KM,Kombi,4x4,,Audi,sprzeda?,,,2967 cm³,211000 km,Diesel,2008,Automatyczna,U?ywany,,,,,,2020-07-07 15:03:44.203841,A4,9174346202,29800,B8 (2007-2015),AUDI A4 Avant 3.0 TDI quattro 240 KM 9174346202 - Allegro.pl
143,Nie wystawiam faktury,,Nie,automatyczna dwustrefowa,inny,Niemcy,Metalik,4/5,5,256 KM,Sedan,Na przednie ko?a,,Audi,sprzeda?,,krajowe,3200 cm³,270000 km,Benzyna,2005,Manualna,U?ywany,lakier fabryczny,,,,,2020-07-07 15:03:45.256069,A6,9343019606,17000,C6 (2004-2011),audi a6 C6 9343019606 - Allegro.pl
144,Wystawiam faktur? VAT-mar?a,,,automatyczna jednostrefowa,Srebrny,,Metalik,,5,90 KM,Liftback,Na przednie ko?a,,Audi,sprzeda?,?wiat?a przeciwmg?owe,import,1422 cm³,260000 km,Diesel,2004,Manualna,U?ywany,lakier fabryczny,,,,,2020-07-07 15:03:46.209941,A2,9465999557,13900,,"AUDI A2 (8Z0) 1.4 TDI 90 KM, PERFEKCYJNY STAN ! 9465999557 - Allegro.pl"
145,Wystawiam faktur? VAT-mar?a,,,automatyczna jednostrefowa,Srebrny,,Metalik,,5,90 KM,Liftback,Na przednie ko?a,,Audi,sprzeda?,?wiat?a przeciwmg?owe,import,1422 cm³,260000 km,Diesel,2004,Manualna,U?ywany,lakier fabryczny,,,,,2020-07-07 15:03:47.285029,A2,9372427395,13900,,"AUDI A2 (8Z0) 1.4 TDI 90 KM, PERFEKCYJNY STAN ! 9372427395 - Allegro.pl"
146,Wystawiam faktur? VAT-mar?a,,,automatyczna dwustrefowa,inny,,,4/5,5,350 KM,Kombi,4x4,WAUZZZ4F1AN046678,Audi,sprzeda?,,,4200 cm³,220000 km,Benzyna,2009,Automatyczna,U?ywany,,,,,,2020-07-07 15:03:48.340515,A6,9445680106,49700,C6 (2004-2011),S6 4.2i V8 350KM Exclusive ! Full Opcja ! 9445680106 - Allegro.pl
147,Wystawiam faktur? VAT-mar?a,,Nie,automatyczna dwustrefowa,Czarny,Niemcy,Metalik,4/5,5,143 KM,Kombi,Na przednie ko?a,,Audi,sprzeda?,,,1968 cm³,229500 km,Diesel,2010,Automatyczna,U?ywany,,,,,,2020-07-07 15:03:49.338465,A4,9374991212,29900,B8 (2007-2015),AUDI A4 B8 2.0CR COMFORTLINE 2010 Z NIEMIECPERFEKT 9374991212 - Allegro.pl
148,Nie wystawiam faktury,,,automatyczna dwustrefowa,Czarny,,,,5,140 KM,Hatchback,,,Audi,,,,2000 cm³,100000 km,Diesel,2006,Manualna,Uszkodzony,,,,,,2020-07-07 15:03:50.450335,A3,9415097700,4500,8P (2003-2012),AUDI A3 8P CA?A LUB NA CZ??CI 9415097700 - Allegro.pl
149,Wystawiam faktur? VAT-mar?a,,,automatyczna dwustrefowa,inny,,Metalik,4/5,5,143 KM,Kombi,Na przednie ko?a,,Audi,sprzeda?,,,1998 cm³,240 km,Diesel,2009,Manualna,U?ywany,lakier fabryczny,,,,,2020-07-07 15:03:51.632604,A4,9384692647,28800,B8 (2007-2015),Audi a4 b8 9384692647 - Allegro.pl
150,Wystawiam faktur? VAT-mar?a,Serwisowany w ASO,,automatyczna dwustrefowa,Bia?y,,,4/5,5,180 KM,Kombi,Na przednie ko?a,,Audi,sprzeda?,,,2000 cm³,192000 km,Benzyna,2008,Manualna,U?ywany,,,,,,2020-07-07 15:03:52.750908,A4,9429357611,29900,B8 (2007-2015),2.0 Turbo 180KM # Navigacja # Klimatronik # Tempom 9429357611 - Allegro.pl
151,Wystawiam faktur? VAT,,Nie,automatyczna czterostrefowa,Czarny,Holandia,,4/5,5,150 KM,Kombi,Na przednie ko?a,WAUZZZF45GA109907,Audi,sprzeda?,,import,1968 cm³,158000 km,Diesel,2016,Manualna,U?ywany,lakier fabryczny,,,,,2020-07-07 15:03:53.907969,A4,9129667477,56800,B9 (2015-),Audi A4 B9 Avant 2.0 TDI Ultra Pe?en LED Euro 6 9129667477 - Allegro.pl
152,Wystawiam faktur? VAT-mar?a,,Nie,automatyczna dwustrefowa,Srebrny,Niemcy,Metalik,4/5,5,177 KM,Sedan,Na przednie ko?a,WAUZZZ4F75N118974,Audi,sprzeda?,,import,2400 cm³,260000 km,Benzyna,2005,Automatyczna,U?ywany,,,,,,2020-07-07 15:03:55.096033,A6,9421616508,26700,C6 (2004-2011),Audi A6 2.4 V6 177KM Navi Klimatronik Bi Xenon 9421616508 - Allegro.pl
153,Wystawiam faktur? VAT,Zarejestrowany w Polsce,Nie,automatyczna dwustrefowa,Srebrny,,Metalik,,5,225 KM,Sedan,4x4,,Audi,sprzeda?,,,2000 cm³,138000 km,Benzyna,2013,Automatyczna,U?ywany,,,,,,2020-07-07 15:03:56.249211,A4,9461820064,54700,B8 (2007-2015),Audi A4 b8 lift 2013 Quattro 2.0 Turbo pakiet RS4 9461820064 - Allegro.pl
154,Nie wystawiam faktury,,,automatyczna dwustrefowa,Bia?y,,,,4,180 KM,Coupe,Na przednie ko?a,,Audi,,,,2000 cm³,210000 km,Benzyna,2010,Manualna,U?ywany,,,,,,2020-07-07 15:03:57.146192,A5,9385705943,41999,8T (2007-2016),Bia?aAudi A5 S-LINE DWA KOMPLETY KÓ?!!!!! 9385705943 - Allegro.pl
155,Nie wystawiam faktury,,,automatyczna dwustrefowa,Szary,,,,5,180 KM,Sedan,Na przednie ko?a,,Audi,,,,2700 cm³,263000 km,Diesel,2006,Automatyczna,U?ywany,,,,,,2020-07-07 15:03:58.108756,A4,9408683896,18800,B7 (2004-2007),2x S-Line Navi DVD Bi-Xenony Skóra Park Szybe Bose 9408683896 - Allegro.pl
156,Nie wystawiam faktury,Zarejestrowany w Polsce,Nie,automatyczna dwustrefowa,Z?oty,Francja,Metalik,,5,130 KM,Sedan,Na przednie ko?a,WAUZZZ8E83A202386,Audi,sprzeda?,?wiat?a przeciwmg?owe,import,1896 cm³,255953 km,Diesel,2002,Manualna,U?ywany,naprawy blacharsko-lakiernicze,,,,,2020-07-07 15:03:59.209470,A4,9391465367,12900,B6 (2000-2004),"AUDI A4 (8E2, B6) 1.9 TDI 130 KM Avant Navi Alu 16 9391465367 - Allegro.pl"
157,Nie wystawiam faktury,,Nie,automatyczna dwustrefowa,inny,,,,5,333 KM,Sedan,4x4,,Audi,sprzeda?,,,2995 cm³,112000 km,Benzyna,2014,Automatyczna,U?ywany,,,,,,2020-07-07 15:04:00.585170,A6,9371653499,80000,C7 (2011-),Audi A6 Premium PLUS Quattro 3.0 330HP Gwarancja 9371653499 - Allegro.pl
158,Nie wystawiam faktury,,,automatyczna dwustrefowa,Bordowy,,,,5,210 KM,SUV,4x4,,Audi,,,,2000 cm³,270000 km,Benzyna,2010,Automatyczna,U?ywany,,,,,,2020-07-07 15:04:03.886175,Q5,9331977074,38800,8R (2008-2016),AUDI Q5 9331977074 - Allegro.pl
159,Nie wystawiam faktury,Serwisowany w ASO,Nie,automatyczna dwustrefowa,Bia?y,Niemcy,Per?owy,4/5,5,160 KM,Hatchback,Na przednie ko?a,,Audi,sprzeda?,,import,1800 cm³,150000 km,Benzyna,2010,Manualna,U?ywany,,,,,,2020-07-07 15:04:05.892797,A3,9408991718,26700,8P (2003-2012),"AUDI A3 S-LINE 1.8 NAVI, BI-XENON+LED 2010 !! 9408991718 - Allegro.pl"
160,Nie wystawiam faktury,,,automatyczna dwustrefowa,Szary,,,,5,205 KM,Kombi,4x4,,Audi,,,,2000 cm³,262000 km,Benzyna,2004,Manualna,U?ywany,,,,,,2020-07-07 15:04:07.348060,A4,9282139096,14000,B7 (2004-2007),Audi Quattro A4 B7 2004 2.0 TFSI 9282139096 - Allegro.pl
161,Nie wystawiam faktury,,Nie,automatyczna dwustrefowa,Niebieski,Niemcy,Per?owy,,4,143 KM,Coupe,Na przednie ko?a,,Audi,sprzeda?,,krajowe,2000 cm³,183000 km,Diesel,2013,Manualna,U?ywany,lakier fabryczny,,,,,2020-07-07 15:04:08.800066,A5,9329675989,59800,8T (2007-2016),Audi a5 sportback 2.0 TDI lift Edytion ful led 9329675989 - Allegro.pl
162,Nie wystawiam faktury,,Nie,automatyczna dwustrefowa,Czarny,Niemcy,Akryl (niemetalizowany),4/5,5,177 KM,Kombi,Na przednie ko?a,,Audi,sprzeda?,,import,1998 cm³,211000 km,Diesel,2012,Manualna,U?ywany,lakier fabryczny,,,,,2020-07-07 15:04:10.158614,A6,9366744258,56900,C7 (2011-),Audi A6 C7 Avant 2012 2.0TDI 177KM Super Stan! 9366744258 - Allegro.pl
163,Wystawiam faktur? VAT,,Nie,automatyczna dwustrefowa,Niebieski,Niemcy,Metalik,4/5,5,200 KM,Kombi,Na przednie ko?a,WAUZZZ8E25A429446,Audi,sprzeda?,,import,1984 cm³,280000 km,Benzyna,2005,Automatyczna,U?ywany,lakier fabryczny,,,,,2020-07-07 15:04:11.268687,A4,9308352317,13000,B7 (2004-2007),AUDI A4 B7 Avant 2.0 TFSI 200KM FWD S-Line zadbany 9308352317 - Allegro.pl
164,Wystawiam faktur? VAT-mar?a,,,automatyczna dwustrefowa,inny,,,4/5,5,165 KM,Kombi,Na przednie ko?a,wauzzz4bzxn006666,Audi,sprzeda?,,,2400 cm³,290000 km,Benzyna,1998,Automatyczna,U?ywany,,,Tapicerka tekstylna,,,2020-07-07 15:04:12.982511,A6,9466698443,2900,C5 (1997-2004),2.4i 165KM ! Wa?ne op?aty ! O K A Z J A ! 9466698443 - Allegro.pl
165,Nie wystawiam faktury,,,automatyczna dwustrefowa,inny,,,,5,130 KM,Kombi,Na przednie ko?a,,Audi,,,,1900 cm³,338180 km,Diesel,2002,Manualna,U?ywany,,,,,,2020-07-07 15:04:14.135984,A6,9436922377,5500,C5 (1997-2004),AUDI A6 C5 1.9 TDI 130 KM 2002r 9436922377 - Allegro.pl
166,Wystawiam faktur? VAT,,Nie,automatyczna czterostrefowa,Szary,Niemcy,Metalik,,5,150 KM,Kombi,Na przednie ko?a,wauzzz8k8fa170064,Audi,sprzeda?,,import,2000 cm³,192000 km,Diesel,2015,Manualna,U?ywany,lakier fabryczny,,,,,2020-07-07 15:04:15.750125,A4,9446600389,48300,B8 (2007-2015),Audi A4 B8 2x S-line Competition Ju? wkrótce 9446600389 - Allegro.pl
167,Wystawiam faktur? VAT-mar?a,,,automatyczna dwustrefowa,Niebieski,,Metalik,4/5,5,240 KM,Kombi,4x4,,Audi,sprzeda?,,import,2967 cm³,373000 km,Diesel,2008,Automatyczna,U?ywany,,,,,,2020-07-07 15:04:22.405353,A6,9462929447,18900,C6 (2004-2011),AUDI A6 Avant 3.0 TDI quattro 240 KM BOSE ACC NAVI 9462929447 - Allegro.pl
168,Nie wystawiam faktury,,,automatyczna jednostrefowa,Czarny,,,,5,90 KM,Sedan,,,Audi,,,,1900 cm³,75000 km,Diesel,1997,Manualna,U?ywany,,,,,,2020-07-07 15:04:23.614923,A4,9367315934,15999,B5 (1995-2001),"Audi A4 B5 1997r 1,9TDI 90KM 75tys km WLKP 9367315934 - Allegro.pl"
169,Wystawiam faktur? VAT,,,manualna,Bia?y,,,,5,180 KM,Sedan,Na przednie ko?a,,Audi,,,,1950 cm³,128540 km,Benzyna,2013,Manualna,U?ywany,,,,,,2020-07-07 15:04:24.850393,A6,9460202563,49900,C7 (2011-),Audi A6 C7 2.0TFSI 2013r Polska salon 9460202563 - Allegro.pl
170,Wystawiam faktur? VAT-mar?a,,,automatyczna dwustrefowa,Z?oty,Niemcy,Metalik,,5,170 KM,SUV,4x4,,Audi,sprzeda?,,import,2000 cm³,190000 km,Diesel,2009,Manualna,U?ywany,lakier fabryczny,,,,,2020-07-07 15:04:26.092635,Q5,9465984954,53500,8R (2008-2016),"AUDI Q5, 2,0 TDI QUATTRO, Bezwypadkowy, Super Stan 9465984954 - Allegro.pl"
171,Nie wystawiam faktury,,,automatyczna jednostrefowa,Bia?y,,,,5,140 KM,Kombi,Na przednie ko?a,,Audi,sprzeda?,,,2000 cm³,272000 km,Diesel,2008,Manualna,U?ywany,,,,,,2020-07-07 15:04:28.827247,A4,9385209814,26300,B8 (2007-2015),audi b8 9385209814 - Allegro.pl
172,Nie wystawiam faktury,Zarejestrowany w Polsce,,automatyczna dwustrefowa,Szary,,,,5,211 KM,Sedan,4x4,,Audi,sprzeda?,?wiat?a do jazdy dziennej,,2000 cm³,211451 km,Benzyna,2009,Automatyczna,U?ywany,lakier fabryczny,,,,,2020-07-07 15:04:30.238392,A4,9298923156,25000,B8 (2007-2015),Audi a4b8 2.0tfsi 9298923156 - Allegro.pl
173,Nie wystawiam faktury,,Nie,automatyczna dwustrefowa,Czarny,Niemcy,Metalik,4/5,5,220 KM,Sedan,Na przednie ko?a,,Audi,sprzeda?,,,2700 cm³,220000 km,Diesel,2006,Manualna,U?ywany,,,,,,2020-07-07 15:04:33.980003,A4,9296924646,24000,B7 (2004-2007),audi a4 B7 2.7 diesel 220km 9296924646 - Allegro.pl
174,Wystawiam faktur? VAT-mar?a,Zarejestrowany w Polsce,Nie,automatyczna jednostrefowa,Szary,Niemcy,Metalik,4/5,5,255 KM,Kombi,4x4,,Audi,sprzeda?,,,3123 cm³,262000 km,Benzyna,2005,Automatyczna,U?ywany,,,,,,2020-07-07 15:04:35.899990,A4,9450891086,24999,B7 (2004-2007),Audi A4 B7 3.2 4x4 S-line Xenon Alu BBS Zamiana 9450891086 - Allegro.pl
175,Wystawiam faktur? VAT,,,automatyczna dwustrefowa,Niebieski,,,,5,179 KM,Sedan,Na przednie ko?a,,Audi,,,,2698 cm³,239400 km,Diesel,2006,Automatyczna,U?ywany,,,,,,2020-07-07 15:04:37.446101,A6,9358621081,17500,C6 (2004-2011),audi A6 C6 2006 multitronic 9358621081 - Allegro.pl
176,Wystawiam faktur? VAT-mar?a,,Nie,automatyczna dwustrefowa,Czarny,Niemcy,Metalik,4/5,5,190 KM,Kombi,Na przednie ko?a,WAUZZZ4F5AN078288,Audi,,,import,2698 cm³,242000 km,Diesel,2010,Automatyczna,U?ywany,,,,,,2020-07-07 15:04:38.785269,A6,9437713443,28300,C6 (2004-2011),Audi A6 Lifting z Niemiec ?wie?o sprowadzona MMI 9437713443 - Allegro.pl
177,Nie wystawiam faktury,,Nie,automatyczna dwustrefowa,Czarny,,Metalik,4/5,5,177 KM,Kombi,Na przednie ko?a,,Audi,sprzeda?,,krajowe,2000 cm³,25460 km,Diesel,2012,Manualna,U?ywany,lakier fabryczny,,,,,2020-07-07 15:04:40.619722,A4,8381659339,49999,B8 (2007-2015),AUDI A4 2.0 TDI 177 km LIFT 3 X S LINE PLUS SERWIS 8381659339 - Allegro.pl
178,Wystawiam faktur? VAT-mar?a,,,automatyczna dwustrefowa,Br?zowy,,Metalik,,5,190 KM,Kombi,Na przednie ko?a,,Audi,sprzeda?,,,2000 cm³,190 km,Diesel,2015,Automatyczna,U?ywany,lakier fabryczny,,,,,2020-07-07 15:04:42.202907,A6,9406174924,78900,C7 (2011-),RARYTAS_S LINE SPORT PLUS_Havana_MAX WERSJA_RADAR 9406174924 - Allegro.pl
179,Nie wystawiam faktury,Bezwypadkowy,Nie,automatyczna dwustrefowa,Srebrny,Austria,Metalik,4/5,5,160 KM,Sedan,Na przednie ko?a,,Audi,sprzeda?,,,1800 cm³,150000 km,Benzyna,2008,Manualna,U?ywany,,,,,,2020-07-07 15:04:43.327727,A4,9431648469,37900,B8 (2007-2015),Audi A4 b8 s-line PRYWATNIE 9431648469 - Allegro.pl
180,Nie wystawiam faktury,,Nie,automatyczna dwustrefowa,Czarny,Niemcy,Metalik,,5,160 KM,Kombi,Na przednie ko?a,,Audi,,,,1798 cm³,166000 km,Benzyna,2009,Manualna,U?ywany,,,,,Alufelgi,2020-07-07 15:04:44.443435,A4,8514115008,28999,B8 (2007-2015),AUDI A4 B8 Avant 1.8 TFSI 2009 R 8514115008 - Allegro.pl
181,Wystawiam faktur? VAT,Dodatkowy komplet opon,,automatyczna dwustrefowa,Czarny,,Metalik,4/5,5,190 KM,Sedan,Na przednie ko?a,,Audi,sprzeda?,,,2000 cm³,137000 km,Diesel,2012,Automatyczna,U?ywany,,,,,,2020-07-07 15:04:45.617726,A6,9270562329,63000,C7 (2011-),"Audi A6 C7 S-line, 2.0TDI 137000km. 9270562329 - Allegro.pl"
182,Nie wystawiam faktury,,Nie,automatyczna czterostrefowa,Br?zowy,Belgia,Metalik,4/5,5,177 KM,Kombi,Na przednie ko?a,wauzzz4g9en005214,Audi,sprzeda?,,krajowe,1968 cm³,297000 km,Diesel,2013,Automatyczna,U?ywany,lakier fabryczny,,,,,2020-07-07 15:04:46.994847,A6,9463608468,56300,C7 (2011-),"AUDI A6 Avant (4G5, 4GD, C7) 2.0 TDI 177 KM 9463608468 - Allegro.pl"
183,Nie wystawiam faktury,,,automatyczna dwustrefowa,Czarny,,,,5,170 KM,Hatchback,4x4,,Audi,,,,1968 cm³,289500 km,Diesel,2007,Manualna,Uszkodzony,,,,,,2020-07-07 15:04:48.488483,A3,9399608367,12700,8P (2003-2012),Audi A3 Quattro 2.0 TDI Sline Sport 170kM 2007 4×4 9399608367 - Allegro.pl
184,Nie wystawiam faktury,,Nie,automatyczna dwustrefowa,Niebieski,Belgia,Metalik,2/3,5,105 KM,Coupe,Na przednie ko?a,,Audi,sprzeda?,,import,1900 cm³,300000 km,Diesel,2007,Manualna,U?ywany,lakier fabryczny,,,,,2020-07-07 15:04:49.907502,A3,9245737631,14900,8P (2003-2012),A3 1.9 TDI 105km oriALU + ROTOR + KLIMA + TEMPOMAT 9245737631 - Allegro.pl
185,Wystawiam faktur? VAT-mar?a,,Nie,automatyczna dwustrefowa,Bia?y,Stany Zjednoczone,Per?owy,2/3,5,210 KM,Coupe,4x4,,Audi,sprzeda?,,,1998 cm³,327000 km,Benzyna,2013,Automatyczna,U?ywany,,,,,,2020-07-07 15:04:51.554714,A5,9128379681,44999,8T (2007-2016),Audi A5 9128379681 - Allegro.pl
186,Nie wystawiam faktury,,,automatyczna dwustrefowa,Szary,,,,5,143 KM,Sedan,Na przednie ko?a,,Audi,,,,2000 cm³,276000 km,Diesel,2008,Manualna,U?ywany,,,,,,2020-07-07 15:04:52.775999,A4,9387914112,26900,B8 (2007-2015),Audi A4 B8 2008r 2.0TDi 143KM 9387914112 - Allegro.pl
187,Nie wystawiam faktury,,,automatyczna jednostrefowa,Czarny,,,,4,242 KM,Coupe,4x4,,Audi,,,,3000 cm³,229300 km,Diesel,2007,Manualna,U?ywany,,,,,,2020-07-07 15:04:54.129115,A5,9355140835,33900,8T (2007-2016),Audi A5 3.0manual quattro 240km 9355140835 - Allegro.pl
188,Wystawiam faktur? VAT-mar?a,,Nie,automatyczna jednostrefowa,Srebrny,Niemcy,Metalik,4/5,5,143 KM,Kombi,Na przednie ko?a,,Audi,sprzeda?,?wiat?a do jazdy dziennej,,1968 cm³,284207 km,Diesel,2011,Automatyczna,U?ywany,,,,,,2020-07-07 15:04:56.093777,A4,9401037883,29999,B8 (2007-2015),Audi A4 9401037883 - Allegro.pl
189,Wystawiam faktur? VAT,,,automatyczna dwustrefowa,Szary,,,,5,177 KM,Kombi,Na przednie ko?a,,Audi,,,,2000 cm³,277000 km,Diesel,2012,Automatyczna,U?ywany,,,,,,2020-07-07 15:04:57.238672,A6,9156575566,62900,C7 (2011-),Audi A6 C7 S-Line 2.0 TDI Kombi 9156575566 - Allegro.pl
190,Nie wystawiam faktury,,,automatyczna dwustrefowa,Czarny,,,,5,177 KM,Sedan,Na przednie ko?a,,Audi,,,,1998 cm³,179000 km,Diesel,2011,Manualna,U?ywany,,,,,,2020-07-07 15:04:58.387333,A6,9383264758,53200,C7 (2011-),Audi a6 c7 sedan 2.0tdi 2012 webasto 9383264758 - Allegro.pl
191,Wystawiam faktur? VAT-mar?a,,Nie,automatyczna dwustrefowa,Czarny,Belgia,Metalik,4/5,5,143 KM,Kombi,Na przednie ko?a,,Audi,sprzeda?,,krajowe,2000 cm³,293000 km,Diesel,2015,Automatyczna,U?ywany,lakier fabryczny,,,,,2020-07-07 15:04:59.794656,A6,9399218178,59999,C7 (2011-),Audi a6 2.0tdi cr ultra lifting model automat 9399218178 - Allegro.pl
192,Nie wystawiam faktury,,,automatyczna jednostrefowa,Br?zowy,,,,5,333 KM,Coupe,,,Audi,,,,3000 cm³,125308 km,Benzyna,2012,Automatyczna,Uszkodzony,,,,,,2020-07-07 15:05:00.890667,A5,9389468619,44900,8T (2007-2016),Audi S5 333KM 9389468619 - Allegro.pl
193,Nie wystawiam faktury,,,automatyczna dwustrefowa,Srebrny,,,,5,105 KM,Coupe,Na przednie ko?a,,Audi,,,,1900 cm³,348000 km,Diesel,2003,Manualna,U?ywany,,,,,,2020-07-07 15:05:02.041412,A3,9412570386,6499,8P (2003-2012),Audi A3 2003 8P 9412570386 - Allegro.pl
194,Wystawiam faktur? VAT-mar?a,Zarejestrowany w Polsce,,automatyczna jednostrefowa,Br?zowy,,Per?owy,4/5,5,143 KM,Kombi,Na przednie ko?a,WAUZZZ8K2DA025048,Audi,sprzeda?,,import,2000 cm³,261000 km,Diesel,2012,Manualna,U?ywany,,,,,,2020-07-07 15:05:03.457805,A4,9433779059,39900,B8 (2007-2015),Audi A4 Skóra Panorama Navi PDC Alu 9433779059 - Allegro.pl
195,Nie wystawiam faktury,,,automatyczna dwustrefowa,Czarny,Niemcy,Metalik,4/5,5,225 KM,Sedan,4x4,,Audi,sprzeda?,,,2967 cm³,460000 km,Diesel,2005,Automatyczna,U?ywany,naprawy blacharsko-lakiernicze,,,,,2020-07-07 15:05:04.734893,A6,9344339832,13500,C6 (2004-2011),"AUDI A6 (4F2, C6) 3.0 TDI quattro 225 KM 9344339832 - Allegro.pl"
196,Wystawiam faktur? VAT-mar?a,,Nie,automatyczna dwustrefowa,Czarny,Niemcy,Per?owy,4/5,5,102 KM,Hatchback,Na przednie ko?a,,Audi,sprzeda?,?wiat?a przeciwmg?owe,import,1600 cm³,160000 km,Benzyna,2006,Manualna,U?ywany,lakier fabryczny,,,,,2020-07-07 15:05:05.803292,A3,9444757108,20900,8P (2003-2012),PI?KNE_A3_SPORTBACK_1.6 BENZ_102 KM_ORGINA?_SERWIS 9444757108 - Allegro.pl
197,Nie wystawiam faktury,,Nie,automatyczna dwustrefowa,Srebrny,,Metalik,4/5,5,224 KM,Sedan,4x4,,Audi,sprzeda?,,,1984 cm³,57638 km,Benzyna,2016,Automatyczna,U?ywany,,,,,,2020-07-07 15:05:06.934434,A4,9393330983,64999,B8 (2007-2015),"AUDI A4 8K2, B8 2.0 TFSI QUATTRO 224 SEDAN S-LINE 9393330983 - Allegro.pl"
198,Nie wystawiam faktury,,,automatyczna jednostrefowa,Srebrny,,,,5,130 KM,Kombi,Na przednie ko?a,,Audi,,,,1900 cm³,202500 km,Diesel,2002,Manualna,U?ywany,,,,,,2020-07-07 15:05:07.988676,A4,9468617403,9500,B6 (2000-2004),Audi A4 1.9 TDI 130KM MA?Y PRZEBIEG!!! 9468617403 - Allegro.pl
199,Wystawiam faktur? VAT-mar?a,,,automatyczna dwustrefowa,Szary,Dania,,4/5,5,250 KM,Kombi,4x4,WAUZZZ4B93N055872,Audi,sprzeda?,,import,2700 cm³,221466 km,Benzyna,2003,Automatyczna,U?ywany,,,,,,2020-07-07 15:05:09.157397,A6,9088762136,12900,C6 (2004-2011),2.7 Biturbo* 250 KM* Quattro* XEON* Skóra* Automat 9088762136 - Allegro.pl
200,Nie wystawiam faktury,,Nie,automatyczna dwustrefowa,Szary,Austria,Metalik,,5,110 KM,Liftback,Na przednie ko?a,,Audi,sprzeda?,,import,1598 cm³,167200 km,Diesel,2015,Manualna,U?ywany,naprawy powypadkowe,,,,,2020-07-07 15:05:10.834676,A3,9412887015,24900,8V (2012-),SPRZEDAM AUDI A3 9412887015 - Allegro.pl
201,Wystawiam faktur? VAT-mar?a,,Nie,automatyczna czterostrefowa,Bia?y,,Metalik,4/5,5,190 KM,Kombi,Na przednie ko?a,WAUZZZ4G4GN093544,Audi,sprzeda?,,,1968 cm³,164758 km,Diesel,2015,Automatyczna,U?ywany,lakier fabryczny,,,,,2020-07-07 15:05:11.831635,A6,9336117935,77900,C7 (2011-),AUDI A6 2.0 TDI 190KM *ultra S tronic*Full LED* 9336117935 - Allegro.pl
202,Wystawiam faktur? VAT,,,automatyczna dwustrefowa,Czarny,,,,5,204 KM,Kombi,Na przednie ko?a,,Audi,,,,2000 cm³,294500 km,Diesel,2013,Manualna,U?ywany,lakier fabryczny,,,,,2020-07-07 15:05:13.260498,A6,9466360849,46000,C7 (2011-),Audi A6 C7 2013r 9466360849 - Allegro.pl
203,Nie wystawiam faktury,Zarejestrowany w Polsce,,automatyczna jednostrefowa,Czarny,Niemcy,,4/5,5,120 KM,Kombi,Na przednie ko?a,,Audi,sprzeda?,,,2000 cm³,155000 km,Diesel,2009,Manualna,U?ywany,lakier fabryczny,,,,,2020-07-07 15:05:14.668792,A4,9443252163,27900,B8 (2007-2015),Sprzedam Audi A4 B8 9443252163 - Allegro.pl
204,Wystawiam faktur? VAT-mar?a,,Tak,automatyczna dwustrefowa,Szary,Niemcy,Metalik,4/5,5,177 KM,Sedan,Na przednie ko?a,WAUZZZ4F46N098233,Audi,sprzeda?,,import,2400 cm³,213000 km,Benzyna,2005,Manualna,U?ywany,lakier fabryczny,,,,,2020-07-07 15:05:16.058901,A6,9382488496,27700,C6 (2004-2011),Audi A6 2.4 V6 177KM Manual Bi Xenon Klimatronik 9382488496 - Allegro.pl
205,Wystawiam faktur? VAT-mar?a,,,automatyczna dwustrefowa,Zielony,,,4/5,5,165 KM,Sedan,Na przednie ko?a,,Audi,sprzeda?,,krajowe,2400 cm³,286000 km,Benzyna + LPG,1997,Manualna,Uszkodzony,,,,,,2020-07-07 15:05:17.590604,A6,9467620168,4400,C5 (1997-2004),Quattro Climatronic Oryginalny Przebieg LPG 9467620168 - Allegro.pl
206,Wystawiam faktur? VAT-mar?a,,Nie,automatyczna czterostrefowa,Czarny,Niemcy,Metalik,4/5,5,177 KM,Sedan,Na przednie ko?a,wauzzz8k3fn012286,Audi,sprzeda?,,import,2000 cm³,180000 km,Diesel,2014,Manualna,U?ywany,lakier fabryczny,,,,,2020-07-07 15:05:18.641658,A4,9447616181,59900,B8 (2007-2015),Audi A4 B8 Sedan 2.0 d 177KM 9447616181 - Allegro.pl
207,Nie wystawiam faktury,,Nie,automatyczna dwustrefowa,Czarny,Szwajcaria,Metalik,4/5,5,420 KM,Kombi,4x4,,Audi,sprzeda?,,import,4163 cm³,144350 km,Benzyna,2006,Manualna,U?ywany,naprawy blacharsko-lakiernicze,,,,,2020-07-07 15:05:19.741456,A4,9253682440,93000,B7 (2004-2007),"AUDI A4 Avant (8ED, B7) RS4 quattro 420 KM 9253682440 - Allegro.pl"
208,Nie wystawiam faktury,,Tak,automatyczna dwustrefowa,Srebrny,Irlandia,Metalik,4/5,5,225 KM,Sedan,4x4,WAUZZZ4F95N022196,Audi,sprzeda?,?wiat?a przeciwmg?owe,import,2967 cm³,210000 km,Diesel,2004,Automatyczna,U?ywany,lakier fabryczny,,,,,2020-07-07 15:05:21.354090,A6,9066003089,12500,C6 (2004-2011),Audi A6 C6 3.0 TDI V6 QUATTRO 9066003089 - Allegro.pl
209,Wystawiam faktur? VAT-mar?a,,Nie,automatyczna dwustrefowa,Szary,Niemcy,Metalik,4/5,5,224 KM,Kombi,4x4,WAUZZZ4F26N019786,Audi,sprzeda?,,import,3000 cm³,251000 km,Diesel,2005,Automatyczna,U?ywany,,,,,,2020-07-07 15:05:22.640782,A6,9455659703,24700,C6 (2004-2011),Audi A6 3.0 TDi Quattro Bi Xenon Navi Skóra Bose 9455659703 - Allegro.pl
210,Nie wystawiam faktury,,,automatyczna dwustrefowa,inny,,,,5,225 KM,Sedan,4x4,,Audi,,,,2967 cm³,299000 km,Diesel,2004,Automatyczna,U?ywany,,,,,,2020-07-07 15:05:24.066314,A6,9464226800,21500,C6 (2004-2011),AUDI A6 C6 3.0 TDI S-LINE QUATTRO 9464226800 - Allegro.pl
211,Nie wystawiam faktury,,,automatyczna dwustrefowa,Szary,Holandia,Metalik,4/5,5,190 KM,Sedan,Na przednie ko?a,,Audi,sprzeda?,,,2698 cm³,290000 km,Diesel,2008,Automatyczna,U?ywany,,,,,,2020-07-07 15:05:24.959097,A4,9464145321,29900,B8 (2007-2015),AUDI A4 2.7 TDI 190 KM 9464145321 - Allegro.pl
212,Nie wystawiam faktury,Bezwypadkowy,Nie,automatyczna jednostrefowa,Niebieski,Niemcy,Metalik,4/5,5,101 KM,Sedan,Na przednie ko?a,,Audi,sprzeda?,,,1600 cm³,185200 km,Benzyna + LPG,1999,Manualna,U?ywany,,,,,,2020-07-07 15:05:26.029294,A4,9174480391,3999,B5 (1995-2001),"AUDI A4 (8D2, B5) 1.6 100 KM 9174480391 - Allegro.pl"
213,Wystawiam faktur? VAT-mar?a,,Nie,automatyczna dwustrefowa,Szary,Polska,Metalik,4/5,5,140 KM,Sedan,Na przednie ko?a,,Audi,sprzeda?,?wiat?a ksenonowe,krajowe,1968 cm³,185000 km,Diesel,2006,Manualna,U?ywany,,,,,,2020-07-07 15:05:26.977699,A4,9388501756,21700,B7 (2004-2007),AUDI A4 B7 2.0 TDI 140KM SEDAN SALON POLSKA 9388501756 - Allegro.pl
214,Wystawiam faktur? VAT-mar?a,,,automatyczna czterostrefowa,inny,Niemcy,Metalik,,5,190 KM,Kombi,Na przednie ko?a,,Audi,sprzeda?,,,1968 cm³,198000 km,Diesel,2016,Automatyczna,U?ywany,lakier fabryczny,,,,,2020-07-07 15:05:28.158796,A4,9440833659,71900,B9 (2015-),LUKSUSOWE A4_190KM SKÓRY_PANORAMA_STAN SALONOWY ! 9440833659 - Allegro.pl
215,Nie wystawiam faktury,,Nie,automatyczna jednostrefowa,Bordowy,,,4/5,5,143 KM,Kombi,Na przednie ko?a,WAUZZZ8K6AA142918,Audi,,,,1968 cm³,326104 km,Diesel,2010,Manualna,U?ywany,,,,,,2020-07-07 15:05:29.317743,A4,9197158384,24900,B8 (2007-2015),"AUDI A4 Avant (8K5, B8) 2.0 TDI 143 KM 2010 rok 9197158384 - Allegro.pl"
216,Nie wystawiam faktury,Zarejestrowany w Polsce,,automatyczna dwustrefowa,Srebrny,,Metalik,,5,163 KM,Kombi,Na przednie ko?a,,Audi,sprzeda?,?wiat?a przeciwmg?owe,,2446 cm³,290000 km,Diesel,2002,Automatyczna,U?ywany,,,,Radio fabryczne,,2020-07-07 15:05:30.614847,A6,9463352483,3900,C5 (1997-2004),"Audi A6C5 2,5TDI 9463352483 - Allegro.pl"
217,Wystawiam faktur? VAT-mar?a,,Nie,automatyczna jednostrefowa,Szary,Polska,Metalik,4/5,5,130 KM,Kombi,4x4,,Audi,sprzeda?,,import,1896 cm³,242000 km,Diesel,2002,Manualna,U?ywany,,,,,,2020-07-07 15:05:32.237209,A4,9265882121,14700,B6 (2000-2004),1.9TDi/130KM*Quattro* Bezwypadkowy*z Niemiec* 9265882121 - Allegro.pl
218,Nie wystawiam faktury,,Nie,automatyczna dwustrefowa,Szary,Niemcy,Metalik,,5,245 KM,Kombi,4x4,WAUZZZ4G7DN021622,Audi,sprzeda?,,,2967 cm³,203000 km,Diesel,2012,Automatyczna,U?ywany,,,,,,2020-07-07 15:05:33.747653,A6,9349019928,61999,C7 (2011-),AUDI A6 Avant 3.0 TDI quattro 245KM S-Line Webasto 9349019928 - Allegro.pl
219,Wystawiam faktur? VAT-mar?a,,,automatyczna dwustrefowa,Szary,,,4/5,5,177 KM,Kombi,Na przednie ko?a,WAUZZZ4G3CN142825,Audi,sprzeda?,,import,1968 cm³,233000 km,Diesel,2012,Automatyczna,U?ywany,,,,,,2020-07-07 15:05:38.422807,A6,9444850586,64900,C7 (2011-),"Audi A6 C7, FULL S Line, 100% serwis, stan BDB 9444850586 - Allegro.pl"
220,Wystawiam faktur? VAT-mar?a,,Nie,automatyczna czterostrefowa,Czarny,Polska,Metalik,4/5,5,730 KM,Kombi,4x4,,Audi,sprzeda?,,krajowe,4000 cm³,104000 km,Benzyna,2014,Automatyczna,U?ywany,lakier fabryczny,,,,,2020-07-07 15:05:40.105151,RS6,9436854460,265000,,AUDI RS6 730KM MTM BANG OLUFSEN MAX OPCJA 9436854460 - Allegro.pl
221,Nie wystawiam faktury,,,automatyczna dwustrefowa,Szary,,,,5,1 KM,Kombi,,,Audi,,,,1900 cm³,270000 km,Diesel,2005,Manualna,U?ywany,,,,,,2020-07-07 15:05:41.740728,A4,9440795253,14600,B7 (2004-2007),audi a4 s-line 9440795253 - Allegro.pl
222,Nie wystawiam faktury,,Nie,automatyczna dwustrefowa,Czerwony,Niemcy,Metalik,,5,92 KM,Hatchback,4x4,,Audi,sprzeda?,,import,1800 cm³,345000 km,Benzyna + LPG,1998,Manualna,U?ywany,,,,,,2020-07-07 15:05:43.239373,A4,9468316769,3500,B5 (1995-2001),Audi A4 1.8 ben+GAZ QUATTRO 2 szt w cene jednej 9468316769 - Allegro.pl
223,Nie wystawiam faktury,,Nie,automatyczna jednostrefowa,Czerwony,Stany Zjednoczone,Akryl (niemetalizowany),,5,170 KM,Sedan,Na przednie ko?a,WAUACGFF0F1018188,Audi,sprzeda?,?wiat?a do jazdy dziennej,import,1798 cm³,111000 km,Benzyna,2015,Automatyczna,U?ywany,,,,,,2020-07-07 15:05:44.653219,A3,9335683648,65000,8V (2012-),AUDI A3 S-Line 250KM Sedan 2015 9335683648 - Allegro.pl
224,Nie wystawiam faktury,,,automatyczna dwustrefowa,Czarny,,,4/5,5,200 KM,Sedan,4x4,WAUZZZ8E57A241426,Audi,sprzeda?,,,1984 cm³,186000 km,Benzyna + LPG,2007,Automatyczna,U?ywany,,,,Radio fabryczne,,2020-07-07 15:05:46.237087,A4,9356273973,19000,B7 (2004-2007),Audi A4 B7 200 KM 2.0 TFSI Quattro 9356273973 - Allegro.pl
225,Nie wystawiam faktury,,,automatyczna dwustrefowa,Czarny,,,4/5,5,233 KM,Terenowy,4x4,,Audi,,,,2967 cm³,346 km,Diesel,2007,Automatyczna,U?ywany,,,,,,2020-07-07 15:05:47.491576,Q7,9426094734,41900,I (2005-2015),AUDI Q7 (4LB) 3.0 TDI quattro 233 KM 9426094734 - Allegro.pl
226,Nie wystawiam faktury,,,automatyczna jednostrefowa,Niebieski,Niemcy,,4/5,5,163 KM,Kombi,Na przednie ko?a,,Audi,sprzeda?,,,1968 cm³,239000 km,Diesel,2012,Automatyczna,U?ywany,lakier fabryczny,,,,,2020-07-07 15:05:48.689482,A4,9291437148,39000,B8 (2007-2015),"Pilne AUDI A4 Avant (8K5, B8) 2.0 TDI 163 KM 9291437148 - Allegro.pl"
227,Nie wystawiam faktury,,,automatyczna czterostrefowa,Czarny,,,,5,340 KM,Terenowy,4x4,,Audi,,,,4134 cm³,294000 km,Diesel,2007,Automatyczna,U?ywany,,,,,,2020-07-07 15:05:49.831078,Q7,9445688210,49900,I (2005-2015),AUDI Q7 4.2 TDI quattro 340 KM 9445688210 - Allegro.pl
228,Nie wystawiam faktury,,,manualna,Czarny,,,,5,105 KM,Hatchback,Na przednie ko?a,,Audi,,,,16 cm³,160000 km,Diesel,2010,Manualna,Uszkodzony,,,,,,2020-07-07 15:05:51.162918,A3,9300041986,14999,8P (2003-2012),Audi a3 8p 9300041986 - Allegro.pl
229,Nie wystawiam faktury,,,automatyczna dwustrefowa,Szary,,,,5,190 KM,Kombi,Na przednie ko?a,,Audi,,,,1781 cm³,295000 km,Benzyna + LPG,2003,Manualna,U?ywany,,,,,,2020-07-07 15:05:52.627254,A4,9461553558,15000,B6 (2000-2004),Audi A4 B6 S-Line 1.8T BEX 190 KM 2003 avant kombi 9461553558 - Allegro.pl
230,Nie wystawiam faktury,,Nie,automatyczna dwustrefowa,Bia?y,Stany Zjednoczone,Akryl (niemetalizowany),4/5,5,211 KM,Terenowy,4x4,WA1CFAFP5BA083941,Audi,sprzeda?,,import,1984 cm³,114300 km,Benzyna,2011,Automatyczna,U?ywany,,,,,,2020-07-07 15:05:54.053048,Q5,9293977819,48900,8R (2008-2016),AUDI Q5 (8RB) 2.0 TFSI quattro 211 KM 9293977819 - Allegro.pl
231,Wystawiam faktur? VAT,,Nie,automatyczna czterostrefowa,Czarny,Polska,Metalik,4/5,5,272 KM,SUV,4x4,,Audi,sprzeda?,,krajowe,3000 cm³,235000 km,Diesel,2016,Automatyczna,U?ywany,lakier fabryczny,,,,,2020-07-07 15:05:55.284713,Q7,9427195737,135000,II (2015-),Q7 3.0tdi-272KM-Salon PL-dociagi-mega Full VAT23 9427195737 - Allegro.pl
232,Wystawiam faktur? VAT-mar?a,,,automatyczna dwustrefowa,Srebrny,Belgia,Metalik,4/5,5,177 KM,Kombi,4x4,,Audi,sprzeda?,,import,1968 cm³,23900 km,Diesel,2013,Manualna,U?ywany,,,,,,2020-07-07 15:05:56.519858,A4,9287303791,43999,B8 (2007-2015),___ A4 2.0 quattro 177PS S-LINE PANORAMA SKÓRA___ 9287303791 - Allegro.pl
233,Nie wystawiam faktury,,Nie,automatyczna jednostrefowa,Srebrny,Niemcy,Metalik,,5,131 KM,Sedan,Na przednie ko?a,,Audi,,?wiat?a przeciwmg?owe,,1996 cm³,171000 km,Benzyna,2001,Manualna,U?ywany,,,,Radio fabryczne,,2020-07-07 15:05:57.981848,A4,9442058247,8400,B6 (2000-2004),Audi A4 1.8 Benz Klima Elektryka Alufelgi 9442058247 - Allegro.pl
234,Wystawiam faktur? VAT,Serwisowany w ASO,,automatyczna czterostrefowa,Czarny,Czechy,Per?owy,4/5,7,245 KM,SUV,4x4,,Audi,sprzeda?,,krajowe,3000 cm³,235000 km,Diesel,2012,Automatyczna,Uszkodzony,,,,,,2020-07-07 15:05:59.466415,Q7,9446714323,46900,I (2005-2015),Audi Q7 S line Quattro DVD Navi Xenon 7os 9446714323 - Allegro.pl
235,Nie wystawiam faktury,Bezwypadkowy,,manualna,Szary,,,4/5,5,130 KM,Kombi,Na przednie ko?a,,Audi,sprzeda?,,,1896 cm³,163000 km,Diesel,2003,Manualna,U?ywany,lakier fabryczny,,,,,2020-07-07 15:06:01.105361,A4,9454883794,5000,B6 (2000-2004),"AUDI A4 Avant (8E5, B6) 1.9 TDI 130 KM 9454883794 - Allegro.pl"
236,Wystawiam faktur? VAT-mar?a,,,automatyczna czterostrefowa,Bia?y,,,,5,177 KM,Kombi,Na przednie ko?a,,Audi,,,,1968 cm³,219000 km,Diesel,2012,Automatyczna,U?ywany,,,,,,2020-07-07 15:06:05.156202,A6,9434520428,50900,C7 (2011-),AUDI A6 C7 2.0 TDI / Xenony / Nawigacja / kamera 9434520428 - Allegro.pl
237,Wystawiam faktur? VAT-mar?a,,,automatyczna dwustrefowa,Br?zowy,,Per?owy,4/5,5,150 KM,Kombi,Na przednie ko?a,XXXXXXXXXXXXXXXXX,Audi,sprzeda?,,import,2000 cm³,160000 km,Diesel,2015,Manualna,U?ywany,,,,,,2020-07-07 15:06:06.795545,A4,9430736678,62900,B9 (2015-),"SPORT,Serwis ASO,Gwarancja 9430736678 - Allegro.pl"
238,Nie wystawiam faktury,,Nie,automatyczna dwustrefowa,Br?zowy,Niemcy,Metalik,4/5,5,143 KM,Kombi,Na przednie ko?a,WAUZZZ8K7EA039495,Audi,sprzeda?,,import,1968 cm³,276000 km,Diesel,2014,Automatyczna,U?ywany,lakier fabryczny,,,,,2020-07-07 15:06:08.157811,A4,9363320519,37999,B8 (2007-2015),Audi A4 B8 2.0tdi Automat Lift 9363320519 - Allegro.pl
239,Wystawiam faktur? VAT-mar?a,,Nie,automatyczna dwustrefowa,Czarny,Niemcy,Per?owy,4/5,5,163 KM,Kombi,Na przednie ko?a,,Audi,sprzeda?,,,1800 cm³,206000 km,Benzyna,2003,Manualna,U?ywany,,,,,,2020-07-07 15:06:10.387346,A4,9438943134,20500,B6 (2000-2004),AUDI A4 B6 IG?A S-LINE 1.8 TURBO BFB 9438943134 - Allegro.pl
240,Nie wystawiam faktury,,Nie,automatyczna dwustrefowa,Niebieski,Niemcy,,,5,210 KM,Kombi,Na przednie ko?a,,Audi,,,,2000 cm³,216000 km,Benzyna,2008,Manualna,U?ywany,,,,,,2020-07-07 15:06:13.472061,A4,9467914690,27000,B8 (2007-2015),Audi A4 210 Km Zarejestrowany Piekny Zobacz 9467914690 - Allegro.pl
241,Nie wystawiam faktury,,,automatyczna dwustrefowa,Szary,Holandia,Metalik,4/5,5,160 KM,Hatchback,Na przednie ko?a,WAUZZZ8T4DA011029,Audi,sprzeda?,,,1798 cm³,261752 km,Benzyna + LPG,2012,Automatyczna,U?ywany,lakier fabryczny,,,,,2020-07-07 15:06:14.881039,A5,9435793351,58900,8T (2007-2016),"Audi A5 Sportback 1,8 benzyna+LPG 9435793351 - Allegro.pl"
242,Nie wystawiam faktury,,,automatyczna dwustrefowa,Srebrny,,Metalik,4/5,5,163 KM,Sedan,Na przednie ko?a,,Audi,sprzeda?,?wiat?a przeciwmg?owe,,1781 cm³,192000 km,Benzyna,2004,Automatyczna,U?ywany,,,,,,2020-07-07 15:06:16.634086,A4,9429312300,11500,B6 (2000-2004),Audi A4 B6 1.8T 163KM AUTOMAT 9429312300 - Allegro.pl
243,Nie wystawiam faktury,,Nie,automatyczna dwustrefowa,Bia?y,Niemcy,,4/5,5,160 KM,Kombi,Na przednie ko?a,WAUZZZ8P5AA016657,Audi,sprzeda?,,import,1798 cm³,198900 km,Benzyna,2009,Manualna,U?ywany,lakier fabryczny,,,,,2020-07-07 15:06:18.423176,A3,9403547561,28900,8P (2003-2012),Audi A3 Sportback Lift S-Line 1.8 TFSI Bi-Xenon 9403547561 - Allegro.pl
244,Nie wystawiam faktury,Dodatkowy komplet opon,,automatyczna dwustrefowa,Srebrny,,,4/5,5,131 KM,Kombi,Na przednie ko?a,WAUZZZ8E77A039994,Audi,sprzeda?,,,1984 cm³,216828 km,Benzyna + LPG,2006,Manualna,U?ywany,,,,Radio fabryczne,,2020-07-07 15:06:20.064382,A4,9409415436,19500,B7 (2004-2007),Audi A4 B7 9409415436 - Allegro.pl
245,Wystawiam faktur? VAT-mar?a,,Nie,automatyczna jednostrefowa,Srebrny,Niemcy,Metalik,4/5,5,143 KM,Kombi,Na przednie ko?a,,Audi,sprzeda?,?wiat?a do jazdy dziennej,,1968 cm³,284207 km,Diesel,2011,Automatyczna,U?ywany,,,,,,2020-07-07 15:06:21.460931,A4,9401037883,29999,B8 (2007-2015),Audi A4 9401037883 - Allegro.pl
246,Nie wystawiam faktury,,Nie,automatyczna dwustrefowa,inny,Holandia,Metalik,,5,204 KM,Sedan,Na przednie ko?a,,Audi,sprzeda?,,,2967 cm³,196000 km,Diesel,2011,Automatyczna,U?ywany,lakier fabryczny,,,,,2020-07-07 15:06:22.578793,A6,9290214022,65000,C7 (2011-),Audi A6 3.0 TDI bia?e skóry STAN BARDZO DOBRY 9290214022 - Allegro.pl
247,Nie wystawiam faktury,,Nie,automatyczna czterostrefowa,Bia?y,,,,5,220 KM,Sedan,Na przednie ko?a,,Audi,sprzeda?,,,1984 cm³,97700 km,Benzyna,2015,Automatyczna,U?ywany,,,,,,2020-07-07 15:06:23.704193,A4,9370704703,63400,B8 (2007-2015),"Audi A4 2.0 benzyna 220 KM, poliftowy stan idealny 9370704703 - Allegro.pl"
248,Nie wystawiam faktury,,,automatyczna dwustrefowa,Szary,,,4/5,5,143 KM,Kombi,Na przednie ko?a,WAUZZZ8K9AA157736,Audi,sprzeda?,,,2000 cm³,199166 km,Diesel,2010,Manualna,U?ywany,,,,,,2020-07-07 15:06:26.112263,A4,9374830407,32900,B8 (2007-2015),"Audi A4 b8 2,0 tdi xenon ,full led ,serwis ! 9374830407 - Allegro.pl"
249,Wystawiam faktur? VAT-mar?a,,Nie,automatyczna jednostrefowa,Szary,Niemcy,Metalik,,5,170 KM,Terenowy,4x4,,Audi,sprzeda?,,,1968 cm³,211007 km,Diesel,2008,Manualna,U?ywany,lakier fabryczny,,,,,2020-07-07 15:06:27.747360,Q5,8941105182,41800,8R (2008-2016),AUDI Q5 2.0TDI S LINE XENON LED DISTRONIC DAYTONA 8941105182 - Allegro.pl
250,Nie wystawiam faktury,,Nie,automatyczna dwustrefowa,Szary,Niemcy,Metalik,4/5,5,131 KM,Sedan,Na przednie ko?a,,Audi,sprzeda?,?wiat?a przeciwmg?owe,import,1984 cm³,156431 km,Benzyna,2000,Manualna,U?ywany,lakier fabryczny,,,Radio fabryczne,,2020-07-07 15:06:29.121630,A4,9352156782,12000,B6 (2000-2004),Audi A4 B6 9352156782 - Allegro.pl
251,Nie wystawiam faktury,,,automatyczna dwustrefowa,Srebrny,,,4/5,5,170 KM,Kombi,Na przednie ko?a,,Audi,sprzeda?,,,1968 cm³,360000 km,Diesel,2007,Manualna,U?ywany,,,,,,2020-07-07 15:06:30.329386,A4,9344987922,11000,B7 (2004-2007),AUDI A4 Avant B7 2.0 TDI 170 KM 9344987922 - Allegro.pl
252,Nie wystawiam faktury,,,automatyczna dwustrefowa,inny,Niemcy,,4/5,5,143 KM,Kombi,Na przednie ko?a,,Audi,sprzeda?,,import,1968 cm³,182000 km,Diesel,2013,Manualna,U?ywany,,,,,,2020-07-07 15:06:31.592977,A4,9400945211,45900,B8 (2007-2015),AUDI A4 B8 Lift bogate wyposa?enie od w?a?ciciela 9400945211 - Allegro.pl
253,Nie wystawiam faktury,,,automatyczna dwustrefowa,Czarny,,,,5,180 KM,Kombi,Na przednie ko?a,,Audi,sprzeda?,,,1984 cm³,123000 km,Benzyna,2010,Automatyczna,U?ywany,lakier fabryczny,,,,,2020-07-07 15:06:33.075464,A4,9331113357,33600,B8 (2007-2015),"AUDI A4 Avant (8K5, B8) 2.0 TFSI 180 KM 9331113357 - Allegro.pl"
254,Wystawiam faktur? VAT-mar?a,,,automatyczna jednostrefowa,Srebrny,,,4/5,5,170 KM,Kombi,4x4,,Audi,sprzeda?,,,2000 cm³,232900 km,Diesel,2009,Manualna,U?ywany,,,,,,2020-07-07 15:06:34.553991,A4,9455283751,29900,B8 (2007-2015),Audi A4 Quattro_2.0 TDI_170KM_ 9455283751 - Allegro.pl
255,Nie wystawiam faktury,Zarejestrowany w Polsce,,automatyczna jednostrefowa,Czarny,Niemcy,,4/5,5,120 KM,Kombi,Na przednie ko?a,,Audi,sprzeda?,,,2000 cm³,155000 km,Diesel,2009,Manualna,U?ywany,lakier fabryczny,,,,,2020-07-07 15:06:35.769423,A4,9443252163,27900,B8 (2007-2015),Sprzedam Audi A4 B8 9443252163 - Allegro.pl
256,Wystawiam faktur? VAT,,Nie,brak,Szary,,,,5,1 KM,Kombi,Na przednie ko?a,,Audi,sprzeda?,,,2967 cm³,229429 km,Diesel,2011,Brak informacji,Uszkodzony,,,,,,2020-07-07 15:06:37.613400,A6,9450194723,19900,C6 (2004-2011),Audi A6 9450194723 - Allegro.pl
257,Nie wystawiam faktury,,Nie,automatyczna dwustrefowa,Czarny,Belgia,Per?owy,4/5,5,204 KM,Kombi,4x4,WAUZZZ8E17A245747,Audi,sprzeda?,,,3000 cm³,285000 km,Diesel,2007,Manualna,U?ywany,,,,,,2020-07-07 15:06:38.844766,A4,9350915168,26500,B7 (2004-2007),Audi A4 B7 3.0 TDI S-Line Bose Navi Xenon Manual 9350915168 - Allegro.pl
258,Wystawiam faktur? VAT-mar?a,,Nie,automatyczna jednostrefowa,Czarny,Polska,Metalik,4/5,5,150 KM,Sedan,Na przednie ko?a,,Audi,sprzeda?,?wiat?a mijania LED,,1395 cm³,116900 km,Benzyna,2015,Manualna,U?ywany,,,,,,2020-07-07 15:06:40.476375,A4,9351559492,64900,B9 (2015-),Audi A4 1.4 9351559492 - Allegro.pl
259,Wystawiam faktur? VAT-mar?a,,,automatyczna dwustrefowa,Zielony,,,4/5,5,165 KM,Sedan,Na przednie ko?a,,Audi,sprzeda?,,krajowe,2400 cm³,286000 km,Benzyna + LPG,1997,Manualna,Uszkodzony,,,,,,2020-07-07 15:06:42.022544,A6,9467620168,4400,C5 (1997-2004),Quattro Climatronic Oryginalny Przebieg LPG 9467620168 - Allegro.pl
260,Wystawiam faktur? VAT-mar?a,,Nie,automatyczna czterostrefowa,Czarny,Niemcy,Metalik,4/5,5,177 KM,Sedan,Na przednie ko?a,wauzzz8k3fn012286,Audi,sprzeda?,,import,2000 cm³,180000 km,Diesel,2014,Manualna,U?ywany,lakier fabryczny,,,,,2020-07-07 15:06:43.305940,A4,9447616181,59900,B8 (2007-2015),Audi A4 B8 Sedan 2.0 d 177KM 9447616181 - Allegro.pl
261,Wystawiam faktur? VAT-mar?a,,Nie,automatyczna dwustrefowa,Czarny,,Metalik,4/5,5,130 KM,Sedan,Na przednie ko?a,,Audi,sprzeda?,?wiat?a przeciwmg?owe,import,1984 cm³,267000 km,Benzyna,2005,Manualna,U?ywany,lakier fabryczny,,,,,2020-07-07 15:06:45.165178,A4,9450969521,17500,B7 (2004-2007),CZARNE OP?AC. 2.0i 131KM 100%ORG.! SERWIS NAVI PDC 9450969521 - Allegro.pl
262,Nie wystawiam faktury,,,automatyczna dwustrefowa,Czarny,,Metalik,4/5,5,190 KM,Sedan,Na przednie ko?a,WAUZZZ4GEN207779,Audi,sprzeda?,,import,1968 cm³,83861 km,Diesel,2015,Manualna,U?ywany,naprawy blacharsko-lakiernicze,,,,,2020-07-07 15:06:46.330135,A6,9436709183,79999,C7 (2011-),Audi A6 4G C7 2.0 TDI Ultra 190KM LIFT S-LINE!! 9436709183 - Allegro.pl
263,Nie wystawiam faktury,,Nie,automatyczna dwustrefowa,Srebrny,Niemcy,Metalik,4/5,5,143 KM,Sedan,Na przednie ko?a,WAUZZZ8KXAA167580,Audi,sprzeda?,,import,1968 cm³,295000 km,Diesel,2010,Manualna,U?ywany,lakier fabryczny,,,,,2020-07-07 15:06:48.583404,A4,9347654679,25900,B8 (2007-2015),"AUDI A4 (8K2, B8) 2.0 TDI 143 KM 2010r kombi 9347654679 - Allegro.pl"
264,Nie wystawiam faktury,,,brak,Czerwony,,,,5,125 KM,Sedan,Na przednie ko?a,,Audi,,,,1800 cm³,274500 km,Benzyna + LPG,1994,Manualna,U?ywany,,,,,,2020-07-07 15:06:50.074814,A4,9462138723,2500,B5 (1995-2001),Audi A4 B5 1.8 ADR + LPG 9462138723 - Allegro.pl
265,Nie wystawiam faktury,,,automatyczna jednostrefowa,Czarny,,,,5,136 KM,Sedan,Na przednie ko?a,,Audi,sprzeda?,,,1998 cm³,250000 km,Diesel,2011,Manualna,U?ywany,,,,,,2020-07-07 15:06:51.379663,A4,9410420200,35500,B8 (2007-2015),Audi a4 B8 2.0 tdi 9410420200 - Allegro.pl
266,Nie wystawiam faktury,,,automatyczna jednostrefowa,Czarny,,,,5,211 KM,Sedan,4x4,,Audi,,,,2000 cm³,120000 km,Benzyna,2013,Automatyczna,U?ywany,,,,,,2020-07-07 15:06:52.674505,A4,9385407156,55000,B8 (2007-2015),Audi a4 b8 lift s-line 2.0 tfsi quattro 9385407156 - Allegro.pl
267,Nie wystawiam faktury,,,automatyczna dwustrefowa,Srebrny,,,,5,200 KM,Kombi,4x4,,Audi,,,,1984 cm³,226000 km,Benzyna,2006,Automatyczna,U?ywany,,,,,,2020-07-07 15:06:54.260182,A4,9388612813,17000,B7 (2004-2007),"AUDI A4 Avant (8ED, B7) 2.0 TFSI quattro 200 KM 9388612813 - Allegro.pl"
268,Wystawiam faktur? VAT-mar?a,,,brak,Czarny,Niemcy,Per?owy,4/5,5,143 KM,Kombi,Na przednie ko?a,,Audi,sprzeda?,,import,2000 cm³,230000 km,Diesel,2010,Automatyczna,U?ywany,,,,,,2020-07-07 15:06:55.859133,A4,9405242262,29900,B8 (2007-2015),"Ledy , Xenon , navi , Automat. Polecam. 2,0TDi CR 9405242262 - Allegro.pl"
269,Wystawiam faktur? VAT,Zarejestrowany w Polsce,Nie,automatyczna dwustrefowa,inny,Niemcy,Per?owy,,5,190 KM,Kombi,4x4,,Audi,sprzeda?,,import,1968 cm³,177300 km,Diesel,2016,Automatyczna,U?ywany,,,,,,2020-07-07 15:06:57.558606,A4,9441942108,99900,B9 (2015-),AUDI A4 Avant 2.0 TDI quattro 190 KM 3x s-line 9441942108 - Allegro.pl
270,Wystawiam faktur? VAT,,Nie,automatyczna jednostrefowa,Szary,,Metalik,4/5,5,150 KM,Hatchback,Na przednie ko?a,,Audi,sprzeda?,,,1984 cm³,220600 km,Benzyna,2005,Manualna,U?ywany,,,,,,2020-07-07 15:06:58.655887,A3,9441288956,16400,8P (2003-2012),Audi A3 2.0 9441288956 - Allegro.pl
271,Wystawiam faktur? VAT-mar?a,,Nie,automatyczna dwustrefowa,Czarny,Niemcy,Metalik,4/5,5,170 KM,Kombi,Na przednie ko?a,,Audi,sprzeda?,,import,1984 cm³,375000 km,Benzyna,2005,Automatyczna,U?ywany,lakier fabryczny,,,,,2020-07-07 15:07:01.386608,A6,9087925136,12900,C6 (2004-2011),AUDI A6 2.0 TFSI 170 KM Automat Kombi 9087925136 - Allegro.pl
272,Wystawiam faktur? VAT-mar?a,Zarejestrowany w Polsce,Nie,automatyczna dwustrefowa,Szary,,,,5,211 KM,Kombi,4x4,,Audi,sprzeda?,,,2967 cm³,362012 km,Diesel,2005,Automatyczna,U?ywany,,,,,,2020-07-07 15:07:03.793904,A6,9405221353,21500,C6 (2004-2011),AUDI A6 Avant 3.0 TDI quattro 224KM S-line ?opatki 9405221353 - Allegro.pl
273,Wystawiam faktur? VAT-mar?a,,,automatyczna dwustrefowa,Niebieski,,,,5,140 KM,Sedan,Na przednie ko?a,,Audi,,,,1998 cm³,169320 km,Diesel,2005,Manualna,U?ywany,,,,,,2020-07-07 15:07:05.277983,A6,9275595759,12900,C6 (2004-2011),AUDI A6 2.0TDI 169TKM 9275595759 - Allegro.pl
274,Wystawiam faktur? VAT,,Nie,automatyczna czterostrefowa,inny,Niemcy,Per?owy,,5,320 KM,Kombi,4x4,WAUZZZ4G1GN184528,Audi,sprzeda?,,import,2967 cm³,190000 km,Diesel,2016,Automatyczna,U?ywany,lakier fabryczny,,,,,2020-07-07 15:07:06.719859,A6,9311681028,98000,C7 (2011-),"AUDI A6 Avant (4G5, 4GD, C7) 3.0TDI quattro 320 KM 9311681028 - Allegro.pl"
275,Nie wystawiam faktury,,Nie,automatyczna dwustrefowa,Zielony,,Per?owy,2/3,4,210 KM,Coupe,Na przednie ko?a,,Audi,sprzeda?,,,1984 cm³,185000 km,Benzyna,2009,Manualna,U?ywany,,,,,,2020-07-07 15:07:07.837139,A5,9460938025,34500,8T (2007-2016),Audi A5 coupe (os. prywatna 6 lat w moich r?kach ) 9460938025 - Allegro.pl
276,Nie wystawiam faktury,,,automatyczna dwustrefowa,Szary,Polska,Metalik,,5,163 KM,Sedan,Na przednie ko?a,,Audi,,,,2500 cm³,275000 km,Diesel,2002,Manualna,U?ywany,,,,,,2020-07-07 15:07:13.182153,A6,9463254243,8500,C5 (1997-2004),samochód osobowy audi 9463254243 - Allegro.pl
277,Nie wystawiam faktury,,,automatyczna dwustrefowa,Srebrny,Niemcy,Metalik,,5,177 KM,Sedan,Na przednie ko?a,WAUZZZ4F45N030710,Audi,sprzeda?,,import,2393 cm³,354623 km,Benzyna + LPG,2004,Manualna,U?ywany,lakier fabryczny,,,,,2020-07-07 15:07:15.085211,A6,9463727787,21500,C6 (2004-2011),Okazja! Audi A6 C6! 9463727787 - Allegro.pl
278,Wystawiam faktur? VAT-mar?a,,,automatyczna dwustrefowa,Szary,,,4/5,5,180 KM,Kombi,Na przednie ko?a,WVW11111111111111,Audi,sprzeda?,,,1984 cm³,143000 km,Benzyna,2008,Manualna,U?ywany,,,,,,2020-07-07 15:07:16.689463,A4,9450418939,27800,B8 (2007-2015),Audi A4 *Kredyt bez 9450418939 - Allegro.pl
279,Wystawiam faktur? VAT-mar?a,Pierwszy w?a?ciciel,,automatyczna dwustrefowa,Czarny,,,2/3,5,140 KM,Kabriolet,Na przednie ko?a,,Audi,sprzeda?,,,2000 cm³,170229 km,Diesel,2011,Automatyczna,Uszkodzony,,,,,,2020-07-07 15:07:18.328015,A3,9451702157,21900,8P (2003-2012),S LINE S Tronic Automat Xenon LED Nawigacja Skóra 9451702157 - Allegro.pl
280,Wystawiam faktur? VAT,,,automatyczna dwustrefowa,Czarny,,,,5,115 KM,Hatchback,,,Audi,,,,1598 cm³,209000 km,Benzyna,2005,Manualna,Uszkodzony,,,,,,2020-07-07 15:07:20.303923,A3,9429902499,11900,8P (2003-2012),Audi A3 Sline 2005 1.6 benzyna 9429902499 - Allegro.pl
281,Nie wystawiam faktury,,Nie,automatyczna czterostrefowa,Szary,Niemcy,Per?owy,,5,190 KM,Sedan,Na przednie ko?a,,Audi,sprzeda?,,import,2000 cm³,94000 km,Diesel,2016,Automatyczna,U?ywany,lakier fabryczny,,,,,2020-07-07 15:07:21.459333,A6,9379053254,125000,C7 (2011-),Audi a6 Serwisowane gwarancja do 2022 9379053254 - Allegro.pl
282,Nie wystawiam faktury,,,automatyczna dwustrefowa,Czarny,,,4/5,5,233 KM,Terenowy,4x4,,Audi,,,,2967 cm³,346 km,Diesel,2007,Automatyczna,U?ywany,,,,,,2020-07-07 15:07:22.721943,Q7,9426094734,41900,I (2005-2015),AUDI Q7 (4LB) 3.0 TDI quattro 233 KM 9426094734 - Allegro.pl
283,Nie wystawiam faktury,,,automatyczna dwustrefowa,Czarny,,,,5,180 KM,Coupe,Na przednie ko?a,,Audi,,,,1984 cm³,130000 km,Benzyna,2010,Manualna,U?ywany,,,,,,2020-07-07 15:07:24.229702,A5,9426558702,38500,8T (2007-2016),AUDI A5 2.0 TFSI coupe 9426558702 - Allegro.pl
284,Wystawiam faktur? VAT-mar?a,,,automatyczna dwustrefowa,inny,,,,5,163 KM,Kombi,Na przednie ko?a,,Audi,,,,2398 cm³,209000 km,Benzyna,2004,Automatyczna,U?ywany,,,,,,2020-07-07 15:07:25.302158,A6,9327281561,11900,C5 (1997-2004),Audi a6 2.4 benzyna 2004 automat po op?atach 9327281561 - Allegro.pl
285,Wystawiam faktur? VAT-mar?a,,Nie,automatyczna dwustrefowa,Czarny,Niemcy,Metalik,4/5,5,170 KM,Sedan,Na przednie ko?a,,Audi,sprzeda?,?wiat?a do jazdy dziennej,,1798 cm³,139351 km,Benzyna,2013,Automatyczna,U?ywany,,,,,,2020-07-07 15:07:26.876237,A4,9354653333,49999,B8 (2007-2015),Audi A4 9354653333 - Allegro.pl
286,Wystawiam faktur? VAT-mar?a,,Nie,automatyczna dwustrefowa,inny,,Metalik,4/5,5,204 KM,Kombi,4x4,,Audi,sprzeda?,,import,2967 cm³,189000 km,Diesel,2011,Automatyczna,U?ywany,,,,,,2020-07-07 15:07:28.363982,A6,8857550422,63800,C7 (2011-),OP?ACONE 3.0TDI SERWIS QUATTRO BLISS NAVI LED IG?A 8857550422 - Allegro.pl
287,Nie wystawiam faktury,,,automatyczna dwustrefowa,Czarny,Niemcy,,4/5,5,136 KM,Sedan,Na przednie ko?a,,Audi,,,,1968 cm³,247000 km,Diesel,2009,Manualna,U?ywany,,,,,,2020-07-07 15:07:29.465050,A6,9445047346,37900,C6 (2004-2011),"AUDI A6 (4F2, C6) 2.0 TDI 136 KM 9445047346 - Allegro.pl"
288,Wystawiam faktur? VAT,Zarejestrowany w Polsce,Nie,automatyczna dwustrefowa,Br?zowy,Inny,Metalik,4/5,5,190 KM,Kombi,Na przednie ko?a,,Audi,,,krajowe,1968 cm³,204000 km,Diesel,2016,Automatyczna,U?ywany,,,,,,2020-07-07 15:07:30.673756,A4,9190122939,71000,B9 (2015-),"Audi A4 B9,2.0d,190KM,HeadUp 9190122939 - Allegro.pl"
289,Nie wystawiam faktury,,,brak,Bia?y,,,4/5,5,165 KM,Sedan,Na przednie ko?a,,Audi,,,,2393 cm³,290000 km,Benzyna,1998,Automatyczna,U?ywany,,,,,,2020-07-07 15:07:31.772413,A6,8825136476,12000,C5 (1997-2004),UNIKatowa A6 C5 stylizacja RS6 8825136476 - Allegro.pl
290,Nie wystawiam faktury,,Nie,automatyczna dwustrefowa,Czarny,,,,5,170 KM,Sedan,4x4,,Audi,sprzeda?,?wiat?a ksenonowe,,2393 cm³,269050 km,Benzyna + LPG,2003,Automatyczna,U?ywany,,,,,,2020-07-07 15:07:33.161338,A6,9414803883,16800,C5 (1997-2004),AUDI A6 C5 2.4 quattro/tiptronic !! 9414803883 - Allegro.pl
291,Wystawiam faktur? VAT,,Nie,automatyczna dwustrefowa,Czarny,Szwajcaria,Metalik,4/5,5,150 KM,Kombi,Na przednie ko?a,WAUZZZ8E62A230170,Audi,sprzeda?,,import,1781 cm³,251500 km,Benzyna,2002,Manualna,U?ywany,lakier fabryczny,,,,,2020-07-07 15:07:34.286776,A4,9353526212,14500,B5 (1995-2001),AUDI A4 1.8T 150KM SKÓRA XENON MANUAL SZWAJCARIA 9353526212 - Allegro.pl
292,Nie wystawiam faktury,,Nie,automatyczna dwustrefowa,inny,Francja,Metalik,,5,140 KM,Kombi,Na przednie ko?a,,Audi,sprzeda?,,,1968 cm³,381000 km,Diesel,2005,Manualna,U?ywany,,,,,,2020-07-07 15:07:35.857899,A4,9405247500,13000,B7 (2004-2007),Piotr Zdziech 9405247500 - Allegro.pl
293,Nie wystawiam faktury,,,automatyczna jednostrefowa,Bordowy,Niemcy,,,5,102 KM,Sedan,Na przednie ko?a,,Audi,sprzeda?,?wiat?a ksenonowe,,1595 cm³,224000 km,Benzyna,2000,Manualna,U?ywany,lakier fabryczny,,,,,2020-07-07 15:07:37.228592,A4,9447225185,9900,B5 (1995-2001),Audi a4 b5 LIFT 100 %_ORYGINA?_climatronic 9447225185 - Allegro.pl
294,Nie wystawiam faktury,Zarejestrowany w Polsce,Nie,automatyczna dwustrefowa,Szary,,Metalik,,5,130 KM,Kombi,Na przednie ko?a,,Audi,sprzeda?,?wiat?a ksenonowe,,1896 cm³,298000 km,Diesel,2001,Manualna,U?ywany,,,,,,2020-07-07 15:07:38.388693,A4,9440828809,9900,B6 (2000-2004),AUDI A4 Avant B6 1.9 TDI 130 KM skóra 6 biegów hak 9440828809 - Allegro.pl
295,Wystawiam faktur? VAT-mar?a,,Nie,automatyczna jednostrefowa,Czarny,Niemcy,,4/5,5,190 KM,Kombi,4x4,,Audi,sprzeda?,,import,1968 cm³,116 km,Diesel,2016,Automatyczna,U?ywany,lakier fabryczny,,,,,2020-07-07 15:07:39.606254,A4,9438987545,98999,B9 (2015-),AUDI A4__S line__QUATTRO__Niski Przebieg 9438987545 - Allegro.pl
296,Nie wystawiam faktury,,Nie,automatyczna jednostrefowa,Czarny,Niemcy,,2/3,5,180 KM,Hatchback,Na przednie ko?a,,Audi,sprzeda?,,,1898 cm³,310000 km,Diesel,1998,Manualna,U?ywany,,,,,,2020-07-07 15:07:41.061957,A3,9460534714,12500,8L (1996-2003),Audi A3 S3 1.9 tdi 18 Recaro 2din navi Xenon FMIC 9460534714 - Allegro.pl
297,Wystawiam faktur? VAT,,,automatyczna dwustrefowa,Bia?y,,,,5,310 KM,Liftback,4x4,,Audi,odst?pienie leasingu,,krajowe,1984 cm³,50000 km,Benzyna,2017,Automatyczna,U?ywany,lakier fabryczny,,,,,2020-07-07 15:07:42.364671,S3,8869131091,10000,8V (2012-),"AUDI A3 (8V1, 8VK) S3 quattro 310 KM CESJA 8869131091 - Allegro.pl"
298,Nie wystawiam faktury,,,manualna,Szary,,,,5,143 KM,Kombi,Na przednie ko?a,,Audi,,,,2000 cm³,288000 km,Diesel,2008,Manualna,U?ywany,,,,,,2020-07-07 15:07:43.577981,A4,9463072279,25500,B8 (2007-2015),Audi A 4 B8 2.0 TDI 9463072279 - Allegro.pl
299,Nie wystawiam faktury,,,automatyczna dwustrefowa,Szary,,,,5,177 KM,Kombi,Na przednie ko?a,,Audi,,,,2393 cm³,223000 km,Benzyna,2005,Manualna,U?ywany,,,,,,2020-07-07 15:07:44.975103,A6,9300363403,22500,C6 (2004-2011),AUDI A6 C6 2.4 177 KM 23.500 z? Zawiera Op?aty!!! 9300363403 - Allegro.pl
